-- MySQL dump 10.13  Distrib 8.0.31, for macos12 (x86_64)
--
-- Host: 127.0.0.1    Database: blockb
-- ------------------------------------------------------
-- Server version	8.0.31

/*!40101 SET @OLD_CHARACTER_SET_CLIENT=@@CHARACTER_SET_CLIENT */;
/*!40101 SET @OLD_CHARACTER_SET_RESULTS=@@CHARACTER_SET_RESULTS */;
/*!40101 SET @OLD_COLLATION_CONNECTION=@@COLLATION_CONNECTION */;
/*!50503 SET NAMES utf8 */;
/*!40103 SET @OLD_TIME_ZONE=@@TIME_ZONE */;
/*!40103 SET TIME_ZONE='+00:00' */;
/*!40014 SET @OLD_UNIQUE_CHECKS=@@UNIQUE_CHECKS, UNIQUE_CHECKS=0 */;
/*!40014 SET @OLD_FOREIGN_KEY_CHECKS=@@FOREIGN_KEY_CHECKS, FOREIGN_KEY_CHECKS=0 */;
/*!40101 SET @OLD_SQL_MODE=@@SQL_MODE, SQL_MODE='NO_AUTO_VALUE_ON_ZERO' */;
/*!40111 SET @OLD_SQL_NOTES=@@SQL_NOTES, SQL_NOTES=0 */;

--
-- Table structure for table `actor`
--

DROP TABLE IF EXISTS `actor`;
/*!40101 SET @saved_cs_client     = @@character_set_client */;
/*!50503 SET character_set_client = utf8mb4 */;
CREATE TABLE `actor` (
  `actor_id` int NOT NULL,
  `last_update` varchar(45) DEFAULT NULL,
  `Name` varchar(45) DEFAULT NULL,
  PRIMARY KEY (`actor_id`)
) ENGINE=InnoDB DEFAULT CHARSET=utf8mb4 COLLATE=utf8mb4_0900_ai_ci;
/*!40101 SET character_set_client = @saved_cs_client */;

--
-- Dumping data for table `actor`
--

LOCK TABLES `actor` WRITE;
/*!40000 ALTER TABLE `actor` DISABLE KEYS */;
INSERT INTO `actor` VALUES (1,'2006-02-15 04:34:33','PENELOPE GUINESS'),(2,'2006-02-15 04:34:33','NICK WAHLBERG'),(3,'2006-02-15 04:34:33','ED CHASE'),(4,'2006-02-15 04:34:33','JENNIFER DAVIS'),(5,'2006-02-15 04:34:33','JOHNNY LOLLOBRIGIDA'),(6,'2006-02-15 04:34:33','BETTE NICHOLSON'),(7,'2006-02-15 04:34:33','GRACE MOSTEL'),(8,'2006-02-15 04:34:33','MATTHEW JOHANSSON'),(9,'2006-02-15 04:34:33','JOE SWANK'),(10,'2006-02-15 04:34:33','CHRISTIAN GABLE'),(11,'2006-02-15 04:34:33','ZERO CAGE'),(12,'2006-02-15 04:34:33','KARL BERRY'),(13,'2006-02-15 04:34:33','UMA WOOD'),(14,'2006-02-15 04:34:33','VIVIEN BERGEN'),(15,'2006-02-15 04:34:33','CUBA OLIVIER'),(16,'2006-02-15 04:34:33','FRED COSTNER'),(17,'2006-02-15 04:34:33','HELEN VOIGHT'),(18,'2006-02-15 04:34:33','DAN TORN'),(19,'2006-02-15 04:34:33','BOB FAWCETT'),(20,'2006-02-15 04:34:33','LUCILLE TRACY'),(21,'2006-02-15 04:34:33','KIRSTEN PALTROW'),(22,'2006-02-15 04:34:33','ELVIS MARX'),(23,'2006-02-15 04:34:33','SANDRA KILMER'),(24,'2006-02-15 04:34:33','CAMERON STREEP'),(25,'2006-02-15 04:34:33','KEVIN BLOOM'),(26,'2006-02-15 04:34:33','RIP CRAWFORD'),(27,'2006-02-15 04:34:33','JULIA MCQUEEN'),(28,'2006-02-15 04:34:33','WOODY HOFFMAN'),(29,'2006-02-15 04:34:33','ALEC WAYNE'),(30,'2006-02-15 04:34:33','SANDRA PECK'),(31,'2006-02-15 04:34:33','SISSY SOBIESKI'),(32,'2006-02-15 04:34:33','TIM HACKMAN'),(33,'2006-02-15 04:34:33','MILLA PECK'),(34,'2006-02-15 04:34:33','AUDREY OLIVIER'),(35,'2006-02-15 04:34:33','JUDY DEAN'),(36,'2006-02-15 04:34:33','BURT DUKAKIS'),(37,'2006-02-15 04:34:33','VAL BOLGER'),(38,'2006-02-15 04:34:33','TOM MCKELLEN'),(39,'2006-02-15 04:34:33','GOLDIE BRODY'),(40,'2006-02-15 04:34:33','JOHNNY CAGE'),(41,'2006-02-15 04:34:33','JODIE DEGENERES'),(42,'2006-02-15 04:34:33','TOM MIRANDA'),(43,'2006-02-15 04:34:33','KIRK JOVOVICH'),(44,'2006-02-15 04:34:33','NICK STALLONE'),(45,'2006-02-15 04:34:33','REESE KILMER'),(46,'2006-02-15 04:34:33','PARKER GOLDBERG'),(47,'2006-02-15 04:34:33','JULIA BARRYMORE'),(48,'2006-02-15 04:34:33','FRANCES DAY-LEWIS'),(49,'2006-02-15 04:34:33','ANNE CRONYN'),(50,'2006-02-15 04:34:33','NATALIE HOPKINS'),(51,'2006-02-15 04:34:33','GARY PHOENIX'),(52,'2006-02-15 04:34:33','CARMEN HUNT'),(53,'2006-02-15 04:34:33','MENA TEMPLE'),(54,'2006-02-15 04:34:33','PENELOPE PINKETT'),(55,'2006-02-15 04:34:33','FAY KILMER'),(56,'2006-02-15 04:34:33','DAN HARRIS'),(57,'2006-02-15 04:34:33','JUDE CRUISE'),(58,'2006-02-15 04:34:33','CHRISTIAN AKROYD'),(59,'2006-02-15 04:34:33','DUSTIN TAUTOU'),(60,'2006-02-15 04:34:33','HENRY BERRY'),(61,'2006-02-15 04:34:33','CHRISTIAN NEESON'),(62,'2006-02-15 04:34:33','JAYNE NEESON'),(63,'2006-02-15 04:34:33','CAMERON WRAY'),(64,'2006-02-15 04:34:33','RAY JOHANSSON'),(65,'2006-02-15 04:34:33','ANGELA HUDSON'),(66,'2006-02-15 04:34:33','MARY TANDY'),(67,'2006-02-15 04:34:33','JESSICA BAILEY'),(68,'2006-02-15 04:34:33','RIP WINSLET'),(69,'2006-02-15 04:34:33','KENNETH PALTROW'),(70,'2006-02-15 04:34:33','MICHELLE MCCONAUGHEY'),(71,'2006-02-15 04:34:33','ADAM GRANT'),(72,'2006-02-15 04:34:33','SEAN WILLIAMS'),(73,'2006-02-15 04:34:33','GARY PENN'),(74,'2006-02-15 04:34:33','MILLA KEITEL'),(75,'2006-02-15 04:34:33','BURT POSEY'),(76,'2006-02-15 04:34:33','ANGELINA ASTAIRE'),(77,'2006-02-15 04:34:33','CARY MCCONAUGHEY'),(78,'2006-02-15 04:34:33','GROUCHO SINATRA'),(79,'2006-02-15 04:34:33','MAE HOFFMAN'),(80,'2006-02-15 04:34:33','RALPH CRUZ'),(81,'2006-02-15 04:34:33','SCARLETT DAMON'),(82,'2006-02-15 04:34:33','WOODY JOLIE'),(83,'2006-02-15 04:34:33','BEN WILLIS'),(84,'2006-02-15 04:34:33','JAMES PITT'),(85,'2006-02-15 04:34:33','MINNIE ZELLWEGER'),(86,'2006-02-15 04:34:33','GREG CHAPLIN'),(87,'2006-02-15 04:34:33','SPENCER PECK'),(88,'2006-02-15 04:34:33','KENNETH PESCI'),(89,'2006-02-15 04:34:33','CHARLIZE DENCH'),(90,'2006-02-15 04:34:33','SEAN GUINESS'),(91,'2006-02-15 04:34:33','CHRISTOPHER BERRY'),(92,'2006-02-15 04:34:33','KIRSTEN AKROYD'),(93,'2006-02-15 04:34:33','ELLEN PRESLEY'),(94,'2006-02-15 04:34:33','KENNETH TORN'),(95,'2006-02-15 04:34:33','DARYL WAHLBERG'),(96,'2006-02-15 04:34:33','GENE WILLIS'),(97,'2006-02-15 04:34:33','MEG HAWKE'),(98,'2006-02-15 04:34:33','CHRIS BRIDGES'),(99,'2006-02-15 04:34:33','JIM MOSTEL'),(100,'2006-02-15 04:34:33','SPENCER DEPP'),(101,'2006-02-15 04:34:33','SUSAN DAVIS'),(102,'2006-02-15 04:34:33','WALTER TORN'),(103,'2006-02-15 04:34:33','MATTHEW LEIGH'),(104,'2006-02-15 04:34:33','PENELOPE CRONYN'),(105,'2006-02-15 04:34:33','SIDNEY CROWE'),(106,'2006-02-15 04:34:33','GROUCHO DUNST'),(107,'2006-02-15 04:34:33','GINA DEGENERES'),(108,'2006-02-15 04:34:33','WARREN NOLTE'),(109,'2006-02-15 04:34:33','SYLVESTER DERN'),(110,'2006-02-15 04:34:33','SUSAN DAVIS'),(111,'2006-02-15 04:34:33','CAMERON ZELLWEGER'),(112,'2006-02-15 04:34:33','RUSSELL BACALL'),(113,'2006-02-15 04:34:33','MORGAN HOPKINS'),(114,'2006-02-15 04:34:33','MORGAN MCDORMAND'),(115,'2006-02-15 04:34:33','HARRISON BALE'),(116,'2006-02-15 04:34:33','DAN STREEP'),(117,'2006-02-15 04:34:33','RENEE TRACY'),(118,'2006-02-15 04:34:33','CUBA ALLEN'),(119,'2006-02-15 04:34:33','WARREN JACKMAN'),(120,'2006-02-15 04:34:33','PENELOPE MONROE'),(121,'2006-02-15 04:34:33','LIZA BERGMAN'),(122,'2006-02-15 04:34:33','SALMA NOLTE'),(123,'2006-02-15 04:34:33','JULIANNE DENCH'),(124,'2006-02-15 04:34:33','SCARLETT BENING'),(125,'2006-02-15 04:34:33','ALBERT NOLTE'),(126,'2006-02-15 04:34:33','FRANCES TOMEI'),(127,'2006-02-15 04:34:33','KEVIN GARLAND'),(128,'2006-02-15 04:34:33','CATE MCQUEEN'),(129,'2006-02-15 04:34:33','DARYL CRAWFORD'),(130,'2006-02-15 04:34:33','GRETA KEITEL'),(131,'2006-02-15 04:34:33','JANE JACKMAN'),(132,'2006-02-15 04:34:33','ADAM HOPPER'),(133,'2006-02-15 04:34:33','RICHARD PENN'),(134,'2006-02-15 04:34:33','GENE HOPKINS'),(135,'2006-02-15 04:34:33','RITA REYNOLDS'),(136,'2006-02-15 04:34:33','ED MANSFIELD'),(137,'2006-02-15 04:34:33','MORGAN WILLIAMS'),(138,'2006-02-15 04:34:33','LUCILLE DEE'),(139,'2006-02-15 04:34:33','EWAN GOODING'),(140,'2006-02-15 04:34:33','WHOOPI HURT'),(141,'2006-02-15 04:34:33','CATE HARRIS'),(142,'2006-02-15 04:34:33','JADA RYDER'),(143,'2006-02-15 04:34:33','RIVER DEAN'),(144,'2006-02-15 04:34:33','ANGELA WITHERSPOON'),(145,'2006-02-15 04:34:33','KIM ALLEN'),(146,'2006-02-15 04:34:33','ALBERT JOHANSSON'),(147,'2006-02-15 04:34:33','FAY WINSLET'),(148,'2006-02-15 04:34:33','EMILY DEE'),(149,'2006-02-15 04:34:33','RUSSELL TEMPLE'),(150,'2006-02-15 04:34:33','JAYNE NOLTE'),(151,'2006-02-15 04:34:33','GEOFFREY HESTON'),(152,'2006-02-15 04:34:33','BEN HARRIS'),(153,'2006-02-15 04:34:33','MINNIE KILMER'),(154,'2006-02-15 04:34:33','MERYL GIBSON'),(155,'2006-02-15 04:34:33','IAN TANDY'),(156,'2006-02-15 04:34:33','FAY WOOD'),(157,'2006-02-15 04:34:33','GRETA MALDEN'),(158,'2006-02-15 04:34:33','VIVIEN BASINGER'),(159,'2006-02-15 04:34:33','LAURA BRODY'),(160,'2006-02-15 04:34:33','CHRIS DEPP'),(161,'2006-02-15 04:34:33','HARVEY HOPE'),(162,'2006-02-15 04:34:33','OPRAH KILMER'),(163,'2006-02-15 04:34:33','CHRISTOPHER WEST'),(164,'2006-02-15 04:34:33','HUMPHREY WILLIS'),(165,'2006-02-15 04:34:33','AL GARLAND'),(166,'2006-02-15 04:34:33','NICK DEGENERES'),(167,'2006-02-15 04:34:33','LAURENCE BULLOCK'),(168,'2006-02-15 04:34:33','WILL WILSON'),(169,'2006-02-15 04:34:33','KENNETH HOFFMAN'),(170,'2006-02-15 04:34:33','MENA HOPPER'),(171,'2006-02-15 04:34:33','OLYMPIA PFEIFFER'),(172,'2006-02-15 04:34:33','GROUCHO WILLIAMS'),(173,'2006-02-15 04:34:33','ALAN DREYFUSS'),(174,'2006-02-15 04:34:33','MICHAEL BENING'),(175,'2006-02-15 04:34:33','WILLIAM HACKMAN'),(176,'2006-02-15 04:34:33','JON CHASE'),(177,'2006-02-15 04:34:33','GENE MCKELLEN'),(178,'2006-02-15 04:34:33','LISA MONROE'),(179,'2006-02-15 04:34:33','ED GUINESS'),(180,'2006-02-15 04:34:33','JEFF SILVERSTONE'),(181,'2006-02-15 04:34:33','MATTHEW CARREY'),(182,'2006-02-15 04:34:33','DEBBIE AKROYD'),(183,'2006-02-15 04:34:33','RUSSELL CLOSE'),(184,'2006-02-15 04:34:33','HUMPHREY GARLAND'),(185,'2006-02-15 04:34:33','MICHAEL BOLGER'),(186,'2006-02-15 04:34:33','JULIA ZELLWEGER'),(187,'2006-02-15 04:34:33','RENEE BALL'),(188,'2006-02-15 04:34:33','ROCK DUKAKIS'),(189,'2006-02-15 04:34:33','CUBA BIRCH'),(190,'2006-02-15 04:34:33','AUDREY BAILEY'),(191,'2006-02-15 04:34:33','GREGORY GOODING'),(192,'2006-02-15 04:34:33','JOHN SUVARI'),(193,'2006-02-15 04:34:33','BURT TEMPLE'),(194,'2006-02-15 04:34:33','MERYL ALLEN'),(195,'2006-02-15 04:34:33','JAYNE SILVERSTONE'),(196,'2006-02-15 04:34:33','BELA WALKEN'),(197,'2006-02-15 04:34:33','REESE WEST'),(198,'2006-02-15 04:34:33','MARY KEITEL'),(199,'2006-02-15 04:34:33','JULIA FAWCETT'),(200,'2006-02-15 04:34:33','THORA TEMPLE');
/*!40000 ALTER TABLE `actor` ENABLE KEYS */;
UNLOCK TABLES;

--
-- Table structure for table `category`
--

DROP TABLE IF EXISTS `category`;
/*!40101 SET @saved_cs_client     = @@character_set_client */;
/*!50503 SET character_set_client = utf8mb4 */;
CREATE TABLE `category` (
  `category_id` int NOT NULL,
  `name` varchar(45) DEFAULT NULL,
  `last_update` varchar(45) DEFAULT NULL,
  PRIMARY KEY (`category_id`)
) ENGINE=InnoDB DEFAULT CHARSET=utf8mb4 COLLATE=utf8mb4_0900_ai_ci;
/*!40101 SET character_set_client = @saved_cs_client */;

--
-- Dumping data for table `category`
--

LOCK TABLES `category` WRITE;
/*!40000 ALTER TABLE `category` DISABLE KEYS */;
INSERT INTO `category` VALUES (1,'Action','2023-07-28'),(2,'Animation','2023-07-28'),(3,'Children','2023-07-28'),(4,'Classics','2023-07-28'),(5,'Comedy','2023-07-28'),(6,'Documentary','2023-07-28'),(7,'Drama','2023-07-28'),(8,'Family','2023-07-28'),(9,'Foreign','2023-07-28'),(10,'Games','2023-07-28'),(11,'Horror','2023-07-28'),(12,'Music','2023-07-28'),(13,'New','2023-07-28'),(14,'Sci-Fi','2023-07-28'),(15,'Sports','2023-07-28'),(16,'Travel','2023-07-28');
/*!40000 ALTER TABLE `category` ENABLE KEYS */;
UNLOCK TABLES;

--
-- Table structure for table `customer`
--

DROP TABLE IF EXISTS `customer`;
/*!40101 SET @saved_cs_client     = @@character_set_client */;
/*!50503 SET character_set_client = utf8mb4 */;
CREATE TABLE `customer` (
  `customer_id` int NOT NULL,
  `Name` varchar(45) DEFAULT NULL,
  `Email` varchar(45) DEFAULT NULL,
  `Phone` varchar(45) DEFAULT NULL,
  PRIMARY KEY (`customer_id`)
) ENGINE=InnoDB DEFAULT CHARSET=utf8mb4 COLLATE=utf8mb4_0900_ai_ci;
/*!40101 SET character_set_client = @saved_cs_client */;

--
-- Dumping data for table `customer`
--

LOCK TABLES `customer` WRITE;
/*!40000 ALTER TABLE `customer` DISABLE KEYS */;
INSERT INTO `customer` VALUES (1,'Unknowm','Unknown','Unknown'),(2,'Unknowm','Unknown','Unknown'),(3,'Unknowm','Unknown','Unknown'),(5,'Unknowm','Unknown','Unknown'),(6,'Unknowm','Unknown','Unknown'),(7,'Unknowm','Unknown','Unknown'),(8,'Unknowm','Unknown','Unknown'),(9,'Unknowm','Unknown','Unknown'),(11,'Unknowm','Unknown','Unknown'),(12,'Unknowm','Unknown','Unknown'),(14,'Unknowm','Unknown','Unknown'),(16,'Unknowm','Unknown','Unknown'),(17,'Unknowm','Unknown','Unknown'),(18,'Unknowm','Unknown','Unknown'),(19,'Unknowm','Unknown','Unknown'),(20,'Unknowm','Unknown','Unknown'),(21,'Unknowm','Unknown','Unknown'),(22,'Unknowm','Unknown','Unknown'),(23,'Unknowm','Unknown','Unknown'),(25,'Unknowm','Unknown','Unknown'),(26,'Unknowm','Unknown','Unknown'),(27,'Unknowm','Unknown','Unknown'),(28,'Unknowm','Unknown','Unknown'),(29,'Unknowm','Unknown','Unknown'),(32,'Unknowm','Unknown','Unknown'),(33,'Unknowm','Unknown','Unknown'),(35,'Unknowm','Unknown','Unknown'),(36,'Unknowm','Unknown','Unknown'),(37,'Unknowm','Unknown','Unknown'),(40,'Unknowm','Unknown','Unknown'),(42,'Unknowm','Unknown','Unknown'),(43,'Unknowm','Unknown','Unknown'),(44,'Unknowm','Unknown','Unknown'),(45,'Unknowm','Unknown','Unknown'),(46,'Unknowm','Unknown','Unknown'),(47,'Unknowm','Unknown','Unknown'),(48,'Unknowm','Unknown','Unknown'),(49,'Unknowm','Unknown','Unknown'),(50,'Unknowm','Unknown','Unknown'),(51,'Unknowm','Unknown','Unknown'),(52,'Unknowm','Unknown','Unknown'),(53,'Unknowm','Unknown','Unknown'),(54,'Unknowm','Unknown','Unknown'),(55,'Unknowm','Unknown','Unknown'),(56,'Unknowm','Unknown','Unknown'),(57,'Unknowm','Unknown','Unknown'),(58,'Unknowm','Unknown','Unknown'),(59,'Unknowm','Unknown','Unknown'),(60,'Unknowm','Unknown','Unknown'),(62,'Unknowm','Unknown','Unknown'),(64,'Unknowm','Unknown','Unknown'),(65,'Unknowm','Unknown','Unknown'),(66,'Unknowm','Unknown','Unknown'),(67,'Unknowm','Unknown','Unknown'),(69,'Unknowm','Unknown','Unknown'),(71,'Unknowm','Unknown','Unknown'),(72,'Unknowm','Unknown','Unknown'),(73,'Unknowm','Unknown','Unknown'),(75,'Unknowm','Unknown','Unknown'),(76,'Unknowm','Unknown','Unknown'),(77,'Unknowm','Unknown','Unknown'),(79,'Unknowm','Unknown','Unknown'),(81,'Unknowm','Unknown','Unknown'),(82,'Unknowm','Unknown','Unknown'),(83,'Unknowm','Unknown','Unknown'),(84,'Unknowm','Unknown','Unknown'),(85,'Unknowm','Unknown','Unknown'),(86,'Unknowm','Unknown','Unknown'),(87,'Unknowm','Unknown','Unknown'),(88,'Unknowm','Unknown','Unknown'),(89,'Unknowm','Unknown','Unknown'),(91,'Unknowm','Unknown','Unknown'),(92,'Unknowm','Unknown','Unknown'),(93,'Unknowm','Unknown','Unknown'),(94,'Unknowm','Unknown','Unknown'),(95,'Unknowm','Unknown','Unknown'),(98,'Unknowm','Unknown','Unknown'),(99,'Unknowm','Unknown','Unknown'),(100,'Unknowm','Unknown','Unknown'),(101,'Unknowm','Unknown','Unknown'),(102,'Unknowm','Unknown','Unknown'),(103,'Unknowm','Unknown','Unknown'),(104,'Unknowm','Unknown','Unknown'),(105,'Unknowm','Unknown','Unknown'),(106,'Unknowm','Unknown','Unknown'),(107,'Unknowm','Unknown','Unknown'),(108,'Unknowm','Unknown','Unknown'),(109,'Unknowm','Unknown','Unknown'),(110,'Unknowm','Unknown','Unknown'),(111,'Unknowm','Unknown','Unknown'),(112,'Unknowm','Unknown','Unknown'),(113,'Unknowm','Unknown','Unknown'),(114,'Unknowm','Unknown','Unknown'),(115,'Unknowm','Unknown','Unknown'),(117,'Unknowm','Unknown','Unknown'),(118,'Unknowm','Unknown','Unknown'),(119,'Unknowm','Unknown','Unknown'),(120,'Unknowm','Unknown','Unknown'),(121,'Unknowm','Unknown','Unknown'),(122,'Unknowm','Unknown','Unknown'),(123,'Unknowm','Unknown','Unknown'),(124,'Unknowm','Unknown','Unknown'),(125,'Unknowm','Unknown','Unknown'),(126,'Unknowm','Unknown','Unknown'),(127,'Unknowm','Unknown','Unknown'),(128,'Unknowm','Unknown','Unknown'),(130,'Unknowm','Unknown','Unknown'),(131,'Unknowm','Unknown','Unknown'),(133,'Unknowm','Unknown','Unknown'),(134,'Unknowm','Unknown','Unknown'),(135,'Unknowm','Unknown','Unknown'),(137,'Unknowm','Unknown','Unknown'),(138,'Unknowm','Unknown','Unknown'),(141,'Unknowm','Unknown','Unknown'),(142,'Unknowm','Unknown','Unknown'),(143,'Unknowm','Unknown','Unknown'),(144,'Unknowm','Unknown','Unknown'),(145,'Unknowm','Unknown','Unknown'),(146,'Unknowm','Unknown','Unknown'),(147,'Unknowm','Unknown','Unknown'),(148,'Unknowm','Unknown','Unknown'),(149,'Unknowm','Unknown','Unknown'),(150,'Unknowm','Unknown','Unknown'),(151,'Unknowm','Unknown','Unknown'),(152,'Unknowm','Unknown','Unknown'),(154,'Unknowm','Unknown','Unknown'),(155,'Unknowm','Unknown','Unknown'),(156,'Unknowm','Unknown','Unknown'),(157,'Unknowm','Unknown','Unknown'),(158,'Unknowm','Unknown','Unknown'),(159,'Unknowm','Unknown','Unknown'),(161,'Unknowm','Unknown','Unknown'),(162,'Unknowm','Unknown','Unknown'),(165,'Unknowm','Unknown','Unknown'),(166,'Unknowm','Unknown','Unknown'),(167,'Unknowm','Unknown','Unknown'),(168,'Unknowm','Unknown','Unknown'),(169,'Unknowm','Unknown','Unknown'),(170,'Unknowm','Unknown','Unknown'),(171,'Unknowm','Unknown','Unknown'),(172,'Unknowm','Unknown','Unknown'),(173,'Unknowm','Unknown','Unknown'),(174,'Unknowm','Unknown','Unknown'),(176,'Unknowm','Unknown','Unknown'),(179,'Unknowm','Unknown','Unknown'),(181,'Unknowm','Unknown','Unknown'),(182,'Unknowm','Unknown','Unknown'),(183,'Unknowm','Unknown','Unknown'),(184,'Unknowm','Unknown','Unknown'),(185,'Unknowm','Unknown','Unknown'),(186,'Unknowm','Unknown','Unknown'),(187,'Unknowm','Unknown','Unknown'),(190,'Unknowm','Unknown','Unknown'),(192,'Unknowm','Unknown','Unknown'),(193,'Unknowm','Unknown','Unknown'),(194,'Unknowm','Unknown','Unknown'),(196,'Unknowm','Unknown','Unknown'),(197,'Unknowm','Unknown','Unknown'),(198,'Unknowm','Unknown','Unknown'),(199,'Unknowm','Unknown','Unknown'),(200,'Unknowm','Unknown','Unknown'),(201,'Unknowm','Unknown','Unknown'),(203,'Unknowm','Unknown','Unknown'),(204,'Unknowm','Unknown','Unknown'),(207,'Unknowm','Unknown','Unknown'),(208,'Unknowm','Unknown','Unknown'),(209,'Unknowm','Unknown','Unknown'),(210,'Unknowm','Unknown','Unknown'),(211,'Unknowm','Unknown','Unknown'),(213,'Unknowm','Unknown','Unknown'),(214,'Unknowm','Unknown','Unknown'),(215,'Unknowm','Unknown','Unknown'),(216,'Unknowm','Unknown','Unknown'),(217,'Unknowm','Unknown','Unknown'),(219,'Unknowm','Unknown','Unknown'),(220,'Unknowm','Unknown','Unknown'),(221,'Unknowm','Unknown','Unknown'),(222,'Unknowm','Unknown','Unknown'),(223,'Unknowm','Unknown','Unknown'),(225,'Unknowm','Unknown','Unknown'),(227,'Unknowm','Unknown','Unknown'),(228,'Unknowm','Unknown','Unknown'),(230,'Unknowm','Unknown','Unknown'),(231,'Unknowm','Unknown','Unknown'),(232,'Unknowm','Unknown','Unknown'),(235,'Unknowm','Unknown','Unknown'),(236,'Unknowm','Unknown','Unknown'),(237,'Unknowm','Unknown','Unknown'),(238,'Unknowm','Unknown','Unknown'),(239,'Unknowm','Unknown','Unknown'),(240,'Unknowm','Unknown','Unknown'),(241,'Unknowm','Unknown','Unknown'),(242,'Unknowm','Unknown','Unknown'),(243,'Unknowm','Unknown','Unknown'),(244,'Unknowm','Unknown','Unknown'),(245,'Unknowm','Unknown','Unknown'),(246,'Unknowm','Unknown','Unknown'),(247,'Unknowm','Unknown','Unknown'),(248,'Unknowm','Unknown','Unknown'),(249,'Unknowm','Unknown','Unknown'),(250,'Unknowm','Unknown','Unknown'),(251,'Unknowm','Unknown','Unknown'),(252,'Unknowm','Unknown','Unknown'),(253,'Unknowm','Unknown','Unknown'),(254,'Unknowm','Unknown','Unknown'),(256,'Unknowm','Unknown','Unknown'),(257,'Unknowm','Unknown','Unknown'),(259,'Unknowm','Unknown','Unknown'),(261,'Unknowm','Unknown','Unknown'),(262,'Unknowm','Unknown','Unknown'),(263,'Unknowm','Unknown','Unknown'),(265,'Unknowm','Unknown','Unknown'),(266,'Unknowm','Unknown','Unknown'),(267,'Unknowm','Unknown','Unknown'),(269,'Unknowm','Unknown','Unknown'),(270,'Unknowm','Unknown','Unknown'),(272,'Unknowm','Unknown','Unknown'),(273,'Unknowm','Unknown','Unknown'),(274,'Unknowm','Unknown','Unknown'),(275,'Unknowm','Unknown','Unknown'),(276,'Unknowm','Unknown','Unknown'),(277,'Unknowm','Unknown','Unknown'),(279,'Unknowm','Unknown','Unknown'),(281,'Unknowm','Unknown','Unknown'),(282,'Unknowm','Unknown','Unknown'),(284,'Unknowm','Unknown','Unknown'),(286,'Unknowm','Unknown','Unknown'),(287,'Unknowm','Unknown','Unknown'),(288,'Unknowm','Unknown','Unknown'),(290,'Unknowm','Unknown','Unknown'),(291,'Unknowm','Unknown','Unknown'),(292,'Unknowm','Unknown','Unknown'),(293,'Unknowm','Unknown','Unknown'),(294,'Unknowm','Unknown','Unknown'),(295,'Unknowm','Unknown','Unknown'),(296,'Unknowm','Unknown','Unknown'),(297,'Unknowm','Unknown','Unknown'),(298,'Unknowm','Unknown','Unknown'),(299,'Unknowm','Unknown','Unknown'),(300,'Unknowm','Unknown','Unknown'),(301,'Unknowm','Unknown','Unknown'),(302,'Unknowm','Unknown','Unknown'),(303,'Unknowm','Unknown','Unknown'),(304,'Unknowm','Unknown','Unknown'),(305,'Unknowm','Unknown','Unknown'),(306,'Unknowm','Unknown','Unknown'),(307,'Unknowm','Unknown','Unknown'),(308,'Unknowm','Unknown','Unknown'),(309,'Unknowm','Unknown','Unknown'),(310,'Unknowm','Unknown','Unknown'),(311,'Unknowm','Unknown','Unknown'),(312,'Unknowm','Unknown','Unknown'),(313,'Unknowm','Unknown','Unknown'),(314,'Unknowm','Unknown','Unknown'),(315,'Unknowm','Unknown','Unknown'),(316,'Unknowm','Unknown','Unknown'),(317,'Unknowm','Unknown','Unknown'),(318,'Unknowm','Unknown','Unknown'),(319,'Unknowm','Unknown','Unknown'),(321,'Unknowm','Unknown','Unknown'),(322,'Unknowm','Unknown','Unknown'),(323,'Unknowm','Unknown','Unknown'),(324,'Unknowm','Unknown','Unknown'),(325,'Unknowm','Unknown','Unknown'),(326,'Unknowm','Unknown','Unknown'),(327,'Unknowm','Unknown','Unknown'),(328,'Unknowm','Unknown','Unknown'),(330,'Unknowm','Unknown','Unknown'),(331,'Unknowm','Unknown','Unknown'),(332,'Unknowm','Unknown','Unknown'),(333,'Unknowm','Unknown','Unknown'),(334,'Unknowm','Unknown','Unknown'),(337,'Unknowm','Unknown','Unknown'),(338,'Unknowm','Unknown','Unknown'),(339,'Unknowm','Unknown','Unknown'),(343,'Unknowm','Unknown','Unknown'),(344,'Unknowm','Unknown','Unknown'),(345,'Unknowm','Unknown','Unknown'),(346,'Unknowm','Unknown','Unknown'),(348,'Unknowm','Unknown','Unknown'),(349,'Unknowm','Unknown','Unknown'),(350,'Unknowm','Unknown','Unknown'),(352,'Unknowm','Unknown','Unknown'),(354,'Unknowm','Unknown','Unknown'),(357,'Unknowm','Unknown','Unknown'),(358,'Unknowm','Unknown','Unknown'),(359,'Unknowm','Unknown','Unknown'),(360,'Unknowm','Unknown','Unknown'),(361,'Unknowm','Unknown','Unknown'),(363,'Unknowm','Unknown','Unknown'),(364,'Unknowm','Unknown','Unknown'),(365,'Unknowm','Unknown','Unknown'),(366,'Unknowm','Unknown','Unknown'),(367,'Unknowm','Unknown','Unknown'),(368,'Unknowm','Unknown','Unknown'),(369,'Unknowm','Unknown','Unknown'),(371,'Unknowm','Unknown','Unknown'),(372,'Unknowm','Unknown','Unknown'),(373,'Unknowm','Unknown','Unknown'),(374,'Unknowm','Unknown','Unknown'),(375,'Unknowm','Unknown','Unknown'),(376,'Unknowm','Unknown','Unknown'),(378,'Unknowm','Unknown','Unknown'),(379,'Unknowm','Unknown','Unknown'),(380,'Unknowm','Unknown','Unknown'),(381,'Unknowm','Unknown','Unknown'),(382,'Unknowm','Unknown','Unknown'),(383,'Unknowm','Unknown','Unknown'),(384,'Unknowm','Unknown','Unknown'),(385,'Unknowm','Unknown','Unknown'),(386,'Unknowm','Unknown','Unknown'),(387,'Unknowm','Unknown','Unknown'),(388,'Unknowm','Unknown','Unknown'),(389,'Unknowm','Unknown','Unknown'),(390,'Unknowm','Unknown','Unknown'),(391,'Unknowm','Unknown','Unknown'),(393,'Unknowm','Unknown','Unknown'),(394,'Unknowm','Unknown','Unknown'),(396,'Unknowm','Unknown','Unknown'),(398,'Unknowm','Unknown','Unknown'),(399,'Unknowm','Unknown','Unknown'),(400,'Unknowm','Unknown','Unknown'),(401,'Unknowm','Unknown','Unknown'),(402,'Unknowm','Unknown','Unknown'),(403,'Unknowm','Unknown','Unknown'),(405,'Unknowm','Unknown','Unknown'),(406,'Unknowm','Unknown','Unknown'),(407,'Unknowm','Unknown','Unknown'),(408,'Unknowm','Unknown','Unknown'),(409,'Unknowm','Unknown','Unknown'),(411,'Unknowm','Unknown','Unknown'),(412,'Unknowm','Unknown','Unknown'),(413,'Unknowm','Unknown','Unknown'),(414,'Unknowm','Unknown','Unknown'),(415,'Unknowm','Unknown','Unknown'),(416,'Unknowm','Unknown','Unknown'),(417,'Unknowm','Unknown','Unknown'),(419,'Unknowm','Unknown','Unknown'),(420,'Unknowm','Unknown','Unknown'),(421,'Unknowm','Unknown','Unknown'),(422,'Unknowm','Unknown','Unknown'),(424,'Unknowm','Unknown','Unknown'),(426,'Unknowm','Unknown','Unknown'),(427,'Unknowm','Unknown','Unknown'),(428,'Unknowm','Unknown','Unknown'),(429,'Unknowm','Unknown','Unknown'),(430,'Unknowm','Unknown','Unknown'),(432,'Unknowm','Unknown','Unknown'),(433,'Unknowm','Unknown','Unknown'),(434,'Unknowm','Unknown','Unknown'),(435,'Unknowm','Unknown','Unknown'),(436,'Unknowm','Unknown','Unknown'),(437,'Unknowm','Unknown','Unknown'),(438,'Unknowm','Unknown','Unknown'),(439,'Unknowm','Unknown','Unknown'),(440,'Unknowm','Unknown','Unknown'),(441,'Unknowm','Unknown','Unknown'),(442,'Unknowm','Unknown','Unknown'),(444,'Unknowm','Unknown','Unknown'),(445,'Unknowm','Unknown','Unknown'),(446,'Unknowm','Unknown','Unknown'),(447,'Unknowm','Unknown','Unknown'),(448,'Unknowm','Unknown','Unknown'),(449,'Unknowm','Unknown','Unknown'),(450,'Unknowm','Unknown','Unknown'),(451,'Unknowm','Unknown','Unknown'),(452,'Unknowm','Unknown','Unknown'),(454,'Unknowm','Unknown','Unknown'),(455,'Unknowm','Unknown','Unknown'),(456,'Unknowm','Unknown','Unknown'),(459,'Unknowm','Unknown','Unknown'),(460,'Unknowm','Unknown','Unknown'),(461,'Unknowm','Unknown','Unknown'),(462,'Unknowm','Unknown','Unknown'),(463,'Unknowm','Unknown','Unknown'),(464,'Unknowm','Unknown','Unknown'),(465,'Unknowm','Unknown','Unknown'),(467,'Unknowm','Unknown','Unknown'),(468,'Unknowm','Unknown','Unknown'),(469,'Unknowm','Unknown','Unknown'),(470,'Unknowm','Unknown','Unknown'),(471,'Unknowm','Unknown','Unknown'),(472,'Unknowm','Unknown','Unknown'),(473,'Unknowm','Unknown','Unknown'),(474,'Unknowm','Unknown','Unknown'),(475,'Unknowm','Unknown','Unknown'),(476,'Unknowm','Unknown','Unknown'),(477,'Unknowm','Unknown','Unknown'),(479,'Unknowm','Unknown','Unknown'),(480,'Unknowm','Unknown','Unknown'),(482,'Unknowm','Unknown','Unknown'),(483,'Unknowm','Unknown','Unknown'),(484,'Unknowm','Unknown','Unknown'),(486,'Unknowm','Unknown','Unknown'),(489,'Unknowm','Unknown','Unknown'),(490,'Unknowm','Unknown','Unknown'),(491,'Unknowm','Unknown','Unknown'),(492,'Unknowm','Unknown','Unknown'),(493,'Unknowm','Unknown','Unknown'),(494,'Unknowm','Unknown','Unknown'),(495,'Unknowm','Unknown','Unknown'),(496,'Unknowm','Unknown','Unknown'),(498,'Unknowm','Unknown','Unknown'),(499,'Unknowm','Unknown','Unknown'),(500,'Unknowm','Unknown','Unknown'),(501,'Unknowm','Unknown','Unknown'),(502,'Unknowm','Unknown','Unknown'),(503,'Unknowm','Unknown','Unknown'),(504,'Unknowm','Unknown','Unknown'),(505,'Unknowm','Unknown','Unknown'),(506,'Unknowm','Unknown','Unknown'),(507,'Unknowm','Unknown','Unknown'),(508,'Unknowm','Unknown','Unknown'),(509,'Unknowm','Unknown','Unknown'),(510,'Unknowm','Unknown','Unknown'),(511,'Unknowm','Unknown','Unknown'),(513,'Unknowm','Unknown','Unknown'),(514,'Unknowm','Unknown','Unknown'),(515,'Unknowm','Unknown','Unknown'),(516,'Unknowm','Unknown','Unknown'),(517,'Unknowm','Unknown','Unknown'),(518,'Unknowm','Unknown','Unknown'),(520,'Unknowm','Unknown','Unknown'),(522,'Unknowm','Unknown','Unknown'),(523,'Unknowm','Unknown','Unknown'),(524,'Unknowm','Unknown','Unknown'),(525,'Unknowm','Unknown','Unknown'),(526,'Unknowm','Unknown','Unknown'),(528,'Unknowm','Unknown','Unknown'),(529,'Unknowm','Unknown','Unknown'),(530,'Unknowm','Unknown','Unknown'),(531,'Unknowm','Unknown','Unknown'),(532,'Unknowm','Unknown','Unknown'),(533,'Unknowm','Unknown','Unknown'),(534,'Unknowm','Unknown','Unknown'),(535,'Unknowm','Unknown','Unknown'),(536,'Unknowm','Unknown','Unknown'),(537,'Unknowm','Unknown','Unknown'),(538,'Unknowm','Unknown','Unknown'),(539,'Unknowm','Unknown','Unknown'),(542,'Unknowm','Unknown','Unknown'),(543,'Unknowm','Unknown','Unknown'),(544,'Unknowm','Unknown','Unknown'),(545,'Unknowm','Unknown','Unknown'),(546,'Unknowm','Unknown','Unknown'),(547,'Unknowm','Unknown','Unknown'),(548,'Unknowm','Unknown','Unknown'),(549,'Unknowm','Unknown','Unknown'),(550,'Unknowm','Unknown','Unknown'),(551,'Unknowm','Unknown','Unknown'),(552,'Unknowm','Unknown','Unknown'),(553,'Unknowm','Unknown','Unknown'),(554,'Unknowm','Unknown','Unknown'),(556,'Unknowm','Unknown','Unknown'),(557,'Unknowm','Unknown','Unknown'),(560,'Unknowm','Unknown','Unknown'),(561,'Unknowm','Unknown','Unknown'),(562,'Unknowm','Unknown','Unknown'),(563,'Unknowm','Unknown','Unknown'),(564,'Unknowm','Unknown','Unknown'),(565,'Unknowm','Unknown','Unknown'),(566,'Unknowm','Unknown','Unknown'),(569,'Unknowm','Unknown','Unknown'),(571,'Unknowm','Unknown','Unknown'),(572,'Unknowm','Unknown','Unknown'),(573,'Unknowm','Unknown','Unknown'),(574,'Unknowm','Unknown','Unknown'),(575,'Unknowm','Unknown','Unknown'),(576,'Unknowm','Unknown','Unknown'),(577,'Unknowm','Unknown','Unknown'),(578,'Unknowm','Unknown','Unknown'),(580,'Unknowm','Unknown','Unknown'),(581,'Unknowm','Unknown','Unknown'),(582,'Unknowm','Unknown','Unknown'),(584,'Unknowm','Unknown','Unknown'),(586,'Unknowm','Unknown','Unknown'),(587,'Unknowm','Unknown','Unknown'),(588,'Unknowm','Unknown','Unknown'),(589,'Unknowm','Unknown','Unknown'),(590,'Unknowm','Unknown','Unknown'),(593,'Unknowm','Unknown','Unknown'),(594,'Unknowm','Unknown','Unknown'),(595,'Unknowm','Unknown','Unknown'),(596,'Unknowm','Unknown','Unknown'),(597,'Unknowm','Unknown','Unknown');
/*!40000 ALTER TABLE `customer` ENABLE KEYS */;
UNLOCK TABLES;

--
-- Table structure for table `film`
--

DROP TABLE IF EXISTS `film`;
/*!40101 SET @saved_cs_client     = @@character_set_client */;
/*!50503 SET character_set_client = utf8mb4 */;
CREATE TABLE `film` (
  `film_id` int NOT NULL,
  `title` varchar(200) DEFAULT NULL,
  `description` varchar(1000) DEFAULT NULL,
  `language_id` int NOT NULL,
  `rental_duration` int DEFAULT NULL,
  `rental_rate` varchar(45) DEFAULT NULL,
  `length` int DEFAULT NULL,
  `replacement_cost` varchar(45) DEFAULT NULL,
  `rating` varchar(45) DEFAULT NULL,
  `special_features` varchar(1000) DEFAULT NULL,
  `last_update` varchar(45) DEFAULT NULL,
  `staff_id` int DEFAULT NULL,
  PRIMARY KEY (`film_id`,`language_id`),
  KEY `fk_film_language_idx` (`language_id`),
  CONSTRAINT `fk_film_language` FOREIGN KEY (`language_id`) REFERENCES `language` (`language_id`)
) ENGINE=InnoDB DEFAULT CHARSET=utf8mb4 COLLATE=utf8mb4_0900_ai_ci;
/*!40101 SET character_set_client = @saved_cs_client */;

--
-- Dumping data for table `film`
--

LOCK TABLES `film` WRITE;
/*!40000 ALTER TABLE `film` DISABLE KEYS */;
INSERT INTO `film` VALUES (1,'ACADEMY DINOSAUR','A Epic Drama of a Feminist And a Mad Scientist who must Battle a Teacher in The Canadian Rockies',1,6,'0.99',86,'20.99','PG','Deleted Scenes,Behind the Scenes','2023-07-28',0),(2,'ACE GOLDFINGER','A Astounding Epistle of a Database Administrator And a Explorer who must Find a Car in Ancient China',1,3,'4.99',48,'12.99','G','Trailers,Deleted Scenes','2023-07-28',0),(3,'ADAPTATION HOLES','A Astounding Reflection of a Lumberjack And a Car who must Sink a Lumberjack in A Baloon Factory',1,7,'2.99',50,'18.99','NC-17','Trailers,Deleted Scenes','2023-07-28',0),(4,'AFFAIR PREJUDICE','A Fanciful Documentary of a Frisbee And a Lumberjack who must Chase a Monkey in A Shark Tank',1,5,'2.99',117,'26.99','G','Commentaries,Behind the Scenes','2023-07-28',0),(5,'AFRICAN EGG','A Fast-Paced Documentary of a Pastry Chef And a Dentist who must Pursue a Forensic Psychologist in The Gulf of Mexico',1,6,'2.99',130,'22.99','G','Deleted Scenes','2023-07-28',0),(6,'AGENT TRUMAN','A Intrepid Panorama of a Robot And a Boy who must Escape a Sumo Wrestler in Ancient China',1,3,'2.99',169,'17.99','PG','Deleted Scenes','2023-07-28',0),(7,'AIRPLANE SIERRA','A Touching Saga of a Hunter And a Butler who must Discover a Butler in A Jet Boat',1,6,'4.99',62,'28.99','PG-13','Trailers,Deleted Scenes','2023-07-28',0),(8,'AIRPORT POLLOCK','A Epic Tale of a Moose And a Girl who must Confront a Monkey in Ancient India',1,6,'4.99',54,'15.99','R','Trailers','2023-07-28',0),(9,'ALABAMA DEVIL','A Thoughtful Panorama of a Database Administrator And a Mad Scientist who must Outgun a Mad Scientist in A Jet Boat',1,3,'2.99',114,'21.99','PG-13','Trailers,Deleted Scenes','2023-07-28',0),(10,'ALADDIN CALENDAR','A Action-Packed Tale of a Man And a Lumberjack who must Reach a Feminist in Ancient China',1,6,'4.99',63,'24.99','NC-17','Trailers,Deleted Scenes','2023-07-28',0),(11,'ALAMO VIDEOTAPE','A Boring Epistle of a Butler And a Cat who must Fight a Pastry Chef in A MySQL Convention',1,6,'0.99',126,'16.99','G','Commentaries,Behind the Scenes','2023-07-28',0),(12,'ALASKA PHANTOM','A Fanciful Saga of a Hunter And a Pastry Chef who must Vanquish a Boy in Australia',1,6,'0.99',136,'22.99','PG','Commentaries,Deleted Scenes','2023-07-28',0),(13,'ALI FOREVER','A Action-Packed Drama of a Dentist And a Crocodile who must Battle a Feminist in The Canadian Rockies',1,4,'4.99',150,'21.99','PG','Deleted Scenes,Behind the Scenes','2023-07-28',0),(14,'ALICE FANTASIA','A Emotional Drama of a A Shark And a Database Administrator who must Vanquish a Pioneer in Soviet Georgia',1,6,'0.99',94,'23.99','NC-17','Trailers,Deleted Scenes,Behind the Scenes','2023-07-28',0),(15,'ALIEN CENTER','A Brilliant Drama of a Cat And a Mad Scientist who must Battle a Feminist in A MySQL Convention',1,5,'2.99',46,'10.99','NC-17','Trailers,Commentaries,Behind the Scenes','2023-07-28',0),(16,'ALLEY EVOLUTION','A Fast-Paced Drama of a Robot And a Composer who must Battle a Astronaut in New Orleans',1,6,'2.99',180,'23.99','NC-17','Trailers,Commentaries','2023-07-28',0),(17,'ALONE TRIP','A Fast-Paced Character Study of a Composer And a Dog who must Outgun a Boat in An Abandoned Fun House',1,3,'0.99',82,'14.99','R','Trailers,Behind the Scenes','2023-07-28',0),(18,'ALTER VICTORY','A Thoughtful Drama of a Composer And a Feminist who must Meet a Secret Agent in The Canadian Rockies',1,6,'0.99',57,'27.99','PG-13','Trailers,Behind the Scenes','2023-07-28',0),(19,'AMADEUS HOLY','A Emotional Display of a Pioneer And a Technical Writer who must Battle a Man in A Baloon',1,6,'0.99',113,'20.99','PG','Commentaries,Deleted Scenes,Behind the Scenes','2023-07-28',0),(20,'AMELIE HELLFIGHTERS','A Boring Drama of a Woman And a Squirrel who must Conquer a Student in A Baloon',1,4,'4.99',79,'23.99','R','Commentaries,Deleted Scenes,Behind the Scenes','2023-07-28',0),(21,'AMERICAN CIRCUS','A Insightful Drama of a Girl And a Astronaut who must Face a Database Administrator in A Shark Tank',1,3,'4.99',129,'17.99','R','Commentaries,Behind the Scenes','2023-07-28',0),(22,'AMISTAD MIDSUMMER','A Emotional Character Study of a Dentist And a Crocodile who must Meet a Sumo Wrestler in California',1,6,'2.99',85,'10.99','G','Commentaries,Behind the Scenes','2023-07-28',0),(23,'ANACONDA CONFESSIONS','A Lacklusture Display of a Dentist And a Dentist who must Fight a Girl in Australia',1,3,'0.99',92,'9.99','R','Trailers,Deleted Scenes','2023-07-28',0),(24,'ANALYZE HOOSIERS','A Thoughtful Display of a Explorer And a Pastry Chef who must Overcome a Feminist in The Sahara Desert',1,6,'2.99',181,'19.99','R','Trailers,Behind the Scenes','2023-07-28',0),(25,'ANGELS LIFE','A Thoughtful Display of a Woman And a Astronaut who must Battle a Robot in Berlin',1,3,'2.99',74,'15.99','G','Trailers','2023-07-28',0),(26,'ANNIE IDENTITY','A Amazing Panorama of a Pastry Chef And a Boat who must Escape a Woman in An Abandoned Amusement Park',1,3,'0.99',86,'15.99','G','Commentaries,Deleted Scenes','2023-07-28',0),(27,'ANONYMOUS HUMAN','A Amazing Reflection of a Database Administrator And a Astronaut who must Outrace a Database Administrator in A Shark Tank',1,7,'0.99',179,'12.99','NC-17','Deleted Scenes,Behind the Scenes','2023-07-28',0),(28,'ANTHEM LUKE','A Touching Panorama of a Waitress And a Woman who must Outrace a Dog in An Abandoned Amusement Park',1,5,'4.99',91,'16.99','PG-13','Deleted Scenes,Behind the Scenes','2023-07-28',0),(29,'ANTITRUST TOMATOES','A Fateful Yarn of a Womanizer And a Feminist who must Succumb a Database Administrator in Ancient India',1,5,'2.99',168,'11.99','NC-17','Trailers,Commentaries,Deleted Scenes','2023-07-28',0),(30,'ANYTHING SAVANNAH','A Epic Story of a Pastry Chef And a Woman who must Chase a Feminist in An Abandoned Fun House',1,4,'2.99',82,'27.99','R','Trailers,Deleted Scenes,Behind the Scenes','2023-07-28',0),(31,'APACHE DIVINE','A Awe-Inspiring Reflection of a Pastry Chef And a Teacher who must Overcome a Sumo Wrestler in A U-Boat',1,5,'4.99',92,'16.99','NC-17','Commentaries,Deleted Scenes,Behind the Scenes','2023-07-28',0),(32,'APOCALYPSE FLAMINGOS','A Astounding Story of a Dog And a Squirrel who must Defeat a Woman in An Abandoned Amusement Park',1,6,'4.99',119,'11.99','R','Trailers,Commentaries','2023-07-28',0),(33,'APOLLO TEEN','A Action-Packed Reflection of a Crocodile And a Explorer who must Find a Sumo Wrestler in An Abandoned Mine Shaft',1,5,'2.99',153,'15.99','PG-13','Trailers,Commentaries,Deleted Scenes,Behind the Scenes','2023-07-28',0),(34,'ARABIA DOGMA','A Touching Epistle of a Madman And a Mad Cow who must Defeat a Student in Nigeria',1,6,'0.99',62,'29.99','NC-17','Commentaries,Deleted Scenes','2023-07-28',0),(35,'ARACHNOPHOBIA ROLLERCOASTER','A Action-Packed Reflection of a Pastry Chef And a Composer who must Discover a Mad Scientist in The First Manned Space Station',1,4,'2.99',147,'24.99','PG-13','Trailers,Deleted Scenes,Behind the Scenes','2023-07-28',0),(36,'ARGONAUTS TOWN','A Emotional Epistle of a Forensic Psychologist And a Butler who must Challenge a Waitress in An Abandoned Mine Shaft',1,7,'0.99',127,'12.99','PG-13','Trailers,Commentaries','2023-07-28',0),(37,'ARIZONA BANG','A Brilliant Panorama of a Mad Scientist And a Mad Cow who must Meet a Pioneer in A Monastery',1,3,'2.99',121,'28.99','PG','Trailers,Deleted Scenes','2023-07-28',0),(38,'ARK RIDGEMONT','A Beautiful Yarn of a Pioneer And a Monkey who must Pursue a Explorer in The Sahara Desert',1,6,'0.99',68,'25.99','NC-17','Trailers,Commentaries,Deleted Scenes,Behind the Scenes','2023-07-28',0),(39,'ARMAGEDDON LOST','A Fast-Paced Tale of a Boat And a Teacher who must Succumb a Composer in An Abandoned Mine Shaft',1,5,'0.99',99,'10.99','G','Trailers','2023-07-28',0),(40,'ARMY FLINTSTONES','A Boring Saga of a Database Administrator And a Womanizer who must Battle a Waitress in Nigeria',1,4,'0.99',148,'22.99','R','Trailers,Commentaries','2023-07-28',0),(41,'ARSENIC INDEPENDENCE','A Fanciful Documentary of a Mad Cow And a Womanizer who must Find a Dentist in Berlin',1,4,'0.99',137,'17.99','PG','Trailers,Deleted Scenes,Behind the Scenes','2023-07-28',0),(42,'ARTIST COLDBLOODED','A Stunning Reflection of a Robot And a Moose who must Challenge a Woman in California',1,5,'2.99',170,'10.99','NC-17','Trailers,Behind the Scenes','2023-07-28',0),(43,'ATLANTIS CAUSE','A Thrilling Yarn of a Feminist And a Hunter who must Fight a Technical Writer in A Shark Tank',1,6,'2.99',170,'15.99','G','Behind the Scenes','2023-07-28',0),(44,'ATTACKS HATE','A Fast-Paced Panorama of a Technical Writer And a Mad Scientist who must Find a Feminist in An Abandoned Mine Shaft',1,5,'4.99',113,'21.99','PG-13','Trailers,Behind the Scenes','2023-07-28',0),(45,'ATTRACTION NEWTON','A Astounding Panorama of a Composer And a Frisbee who must Reach a Husband in Ancient Japan',1,5,'4.99',83,'14.99','PG-13','Trailers,Behind the Scenes','2023-07-28',0),(46,'AUTUMN CROW','A Beautiful Tale of a Dentist And a Mad Cow who must Battle a Moose in The Sahara Desert',1,3,'4.99',108,'13.99','G','Trailers,Commentaries,Deleted Scenes,Behind the Scenes','2023-07-28',0),(47,'BABY HALL','A Boring Character Study of a A Shark And a Girl who must Outrace a Feminist in An Abandoned Mine Shaft',1,5,'4.99',153,'23.99','NC-17','Commentaries','2023-07-28',0),(48,'BACKLASH UNDEFEATED','A Stunning Character Study of a Mad Scientist And a Mad Cow who must Kill a Car in A Monastery',1,3,'4.99',118,'24.99','PG-13','Trailers,Behind the Scenes','2023-07-28',0),(49,'BADMAN DAWN','A Emotional Panorama of a Pioneer And a Composer who must Escape a Mad Scientist in A Jet Boat',1,6,'2.99',162,'22.99','R','Trailers,Commentaries,Behind the Scenes','2023-07-28',0),(50,'BAKED CLEOPATRA','A Stunning Drama of a Forensic Psychologist And a Husband who must Overcome a Waitress in A Monastery',1,3,'2.99',182,'20.99','G','Commentaries,Behind the Scenes','2023-07-28',0),(51,'BALLOON HOMEWARD','A Insightful Panorama of a Forensic Psychologist And a Mad Cow who must Build a Mad Scientist in The First Manned Space Station',1,5,'2.99',75,'10.99','NC-17','Deleted Scenes','2023-07-28',0),(52,'BALLROOM MOCKINGBIRD','A Thrilling Documentary of a Composer And a Monkey who must Find a Feminist in California',1,6,'0.99',173,'29.99','G','Commentaries,Deleted Scenes','2023-07-28',0),(53,'BANG KWAI','A Epic Drama of a Madman And a Cat who must Face a A Shark in An Abandoned Amusement Park',1,5,'2.99',87,'25.99','NC-17','Commentaries,Deleted Scenes,Behind the Scenes','2023-07-28',0),(54,'BANGER PINOCCHIO','A Awe-Inspiring Drama of a Car And a Pastry Chef who must Chase a Crocodile in The First Manned Space Station',1,5,'0.99',113,'15.99','R','Trailers,Commentaries,Deleted Scenes','2023-07-28',0),(55,'BARBARELLA STREETCAR','A Awe-Inspiring Story of a Feminist And a Cat who must Conquer a Dog in A Monastery',1,6,'2.99',65,'27.99','G','Behind the Scenes','2023-07-28',0),(56,'BAREFOOT MANCHURIAN','A Intrepid Story of a Cat And a Student who must Vanquish a Girl in An Abandoned Amusement Park',1,6,'2.99',129,'15.99','G','Trailers,Commentaries','2023-07-28',0),(57,'BASIC EASY','A Stunning Epistle of a Man And a Husband who must Reach a Mad Scientist in A Jet Boat',1,4,'2.99',90,'18.99','PG-13','Deleted Scenes','2023-07-28',0),(58,'BEACH HEARTBREAKERS','A Fateful Display of a Womanizer And a Mad Scientist who must Outgun a A Shark in Soviet Georgia',1,6,'2.99',122,'16.99','G','Deleted Scenes,Behind the Scenes','2023-07-28',0),(59,'BEAR GRACELAND','A Astounding Saga of a Dog And a Boy who must Kill a Teacher in The First Manned Space Station',1,4,'2.99',160,'20.99','R','Deleted Scenes','2023-07-28',0),(60,'BEAST HUNCHBACK','A Awe-Inspiring Epistle of a Student And a Squirrel who must Defeat a Boy in Ancient China',1,3,'4.99',89,'22.99','R','Deleted Scenes,Behind the Scenes','2023-07-28',0),(61,'BEAUTY GREASE','A Fast-Paced Display of a Composer And a Moose who must Sink a Robot in An Abandoned Mine Shaft',1,5,'4.99',175,'28.99','G','Trailers,Commentaries','2023-07-28',0),(62,'BED HIGHBALL','A Astounding Panorama of a Lumberjack And a Dog who must Redeem a Woman in An Abandoned Fun House',1,5,'2.99',106,'23.99','NC-17','Trailers,Commentaries,Deleted Scenes','2023-07-28',0),(63,'BEDAZZLED MARRIED','A Astounding Character Study of a Madman And a Robot who must Meet a Mad Scientist in An Abandoned Fun House',1,6,'0.99',73,'21.99','PG','Trailers,Deleted Scenes,Behind the Scenes','2023-07-28',0),(64,'BEETHOVEN EXORCIST','A Epic Display of a Pioneer And a Student who must Challenge a Butler in The Gulf of Mexico',1,6,'0.99',151,'26.99','PG-13','Commentaries,Behind the Scenes','2023-07-28',0),(65,'BEHAVIOR RUNAWAY','A Unbelieveable Drama of a Student And a Husband who must Outrace a Sumo Wrestler in Berlin',1,3,'4.99',100,'20.99','PG','Trailers,Deleted Scenes,Behind the Scenes','2023-07-28',0),(66,'BENEATH RUSH','A Astounding Panorama of a Man And a Monkey who must Discover a Man in The First Manned Space Station',1,6,'0.99',53,'27.99','NC-17','Commentaries,Deleted Scenes','2023-07-28',0),(67,'BERETS AGENT','A Taut Saga of a Crocodile And a Boy who must Overcome a Technical Writer in Ancient China',1,5,'2.99',77,'24.99','PG-13','Deleted Scenes','2023-07-28',0),(68,'BETRAYED REAR','A Emotional Character Study of a Boat And a Pioneer who must Find a Explorer in A Shark Tank',1,5,'4.99',122,'26.99','NC-17','Commentaries,Deleted Scenes,Behind the Scenes','2023-07-28',0),(69,'BEVERLY OUTLAW','A Fanciful Documentary of a Womanizer And a Boat who must Defeat a Madman in The First Manned Space Station',1,3,'2.99',85,'21.99','R','Trailers','2023-07-28',0),(70,'BIKINI BORROWERS','A Astounding Drama of a Astronaut And a Cat who must Discover a Woman in The First Manned Space Station',1,7,'4.99',142,'26.99','NC-17','Commentaries,Deleted Scenes','2023-07-28',0),(71,'BILKO ANONYMOUS','A Emotional Reflection of a Teacher And a Man who must Meet a Cat in The First Manned Space Station',1,3,'4.99',100,'25.99','PG-13','Commentaries,Deleted Scenes,Behind the Scenes','2023-07-28',0),(72,'BILL OTHERS','A Stunning Saga of a Mad Scientist And a Forensic Psychologist who must Challenge a Squirrel in A MySQL Convention',1,6,'2.99',93,'12.99','PG','Trailers,Commentaries','2023-07-28',0),(73,'BINGO TALENTED','A Touching Tale of a Girl And a Crocodile who must Discover a Waitress in Nigeria',1,5,'2.99',150,'22.99','PG-13','Trailers,Commentaries','2023-07-28',0),(74,'BIRCH ANTITRUST','A Fanciful Panorama of a Husband And a Pioneer who must Outgun a Dog in A Baloon',1,4,'4.99',162,'18.99','PG','Trailers,Commentaries,Deleted Scenes','2023-07-28',0),(75,'BIRD INDEPENDENCE','A Thrilling Documentary of a Car And a Student who must Sink a Hunter in The Canadian Rockies',1,6,'4.99',163,'14.99','G','Commentaries,Behind the Scenes','2023-07-28',0),(76,'BIRDCAGE CASPER','A Fast-Paced Saga of a Frisbee And a Astronaut who must Overcome a Feminist in Ancient India',1,4,'0.99',103,'23.99','NC-17','Commentaries,Deleted Scenes,Behind the Scenes','2023-07-28',0),(77,'BIRDS PERDITION','A Boring Story of a Womanizer And a Pioneer who must Face a Dog in California',1,5,'4.99',61,'15.99','G','Trailers,Behind the Scenes','2023-07-28',0),(78,'BLACKOUT PRIVATE','A Intrepid Yarn of a Pastry Chef And a Mad Scientist who must Challenge a Secret Agent in Ancient Japan',1,7,'2.99',85,'12.99','PG','Trailers,Deleted Scenes','2023-07-28',0),(79,'BLADE POLISH','A Thoughtful Character Study of a Frisbee And a Pastry Chef who must Fight a Dentist in The First Manned Space Station',1,5,'0.99',114,'10.99','PG-13','Trailers,Behind the Scenes','2023-07-28',0),(80,'BLANKET BEVERLY','A Emotional Documentary of a Student And a Girl who must Build a Boat in Nigeria',1,7,'2.99',148,'21.99','G','Trailers','2023-07-28',0),(81,'BLINDNESS GUN','A Touching Drama of a Robot And a Dentist who must Meet a Hunter in A Jet Boat',1,6,'4.99',103,'29.99','PG-13','Trailers,Behind the Scenes','2023-07-28',0),(82,'BLOOD ARGONAUTS','A Boring Drama of a Explorer And a Man who must Kill a Lumberjack in A Manhattan Penthouse',1,3,'0.99',71,'13.99','G','Trailers,Commentaries,Behind the Scenes','2023-07-28',0),(83,'BLUES INSTINCT','A Insightful Documentary of a Boat And a Composer who must Meet a Forensic Psychologist in An Abandoned Fun House',1,5,'2.99',50,'18.99','G','Trailers,Deleted Scenes,Behind the Scenes','2023-07-28',0),(84,'BOILED DARES','A Awe-Inspiring Story of a Waitress And a Dog who must Discover a Dentist in Ancient Japan',1,7,'4.99',102,'13.99','PG','Trailers,Commentaries','2023-07-28',0),(85,'BONNIE HOLOCAUST','A Fast-Paced Story of a Crocodile And a Robot who must Find a Moose in Ancient Japan',1,4,'0.99',63,'29.99','G','Deleted Scenes','2023-07-28',0),(86,'BOOGIE AMELIE','A Lacklusture Character Study of a Husband And a Sumo Wrestler who must Succumb a Technical Writer in The Gulf of Mexico',1,6,'4.99',121,'11.99','R','Commentaries,Behind the Scenes','2023-07-28',0),(87,'BOONDOCK BALLROOM','A Fateful Panorama of a Crocodile And a Boy who must Defeat a Monkey in The Gulf of Mexico',1,7,'0.99',76,'14.99','NC-17','Behind the Scenes','2023-07-28',0),(88,'BORN SPINAL','A Touching Epistle of a Frisbee And a Husband who must Pursue a Student in Nigeria',1,7,'4.99',179,'17.99','PG','Trailers,Commentaries,Deleted Scenes','2023-07-28',0),(89,'BORROWERS BEDAZZLED','A Brilliant Epistle of a Teacher And a Sumo Wrestler who must Defeat a Man in An Abandoned Fun House',1,7,'0.99',63,'22.99','G','Commentaries,Deleted Scenes,Behind the Scenes','2023-07-28',0),(90,'BOULEVARD MOB','A Fateful Epistle of a Moose And a Monkey who must Confront a Lumberjack in Ancient China',1,3,'0.99',63,'11.99','R','Trailers','2023-07-28',0),(91,'BOUND CHEAPER','A Thrilling Panorama of a Database Administrator And a Astronaut who must Challenge a Lumberjack in A Baloon',1,5,'0.99',98,'17.99','PG','Behind the Scenes','2023-07-28',0),(92,'BOWFINGER GABLES','A Fast-Paced Yarn of a Waitress And a Composer who must Outgun a Dentist in California',1,7,'4.99',72,'19.99','NC-17','Trailers,Deleted Scenes','2023-07-28',0),(93,'BRANNIGAN SUNRISE','A Amazing Epistle of a Moose And a Crocodile who must Outrace a Dog in Berlin',1,4,'4.99',121,'27.99','PG','Trailers','2023-07-28',0),(94,'BRAVEHEART HUMAN','A Insightful Story of a Dog And a Pastry Chef who must Battle a Girl in Berlin',1,7,'2.99',176,'14.99','PG-13','Trailers,Deleted Scenes','2023-07-28',0),(95,'BREAKFAST GOLDFINGER','A Beautiful Reflection of a Student And a Student who must Fight a Moose in Berlin',1,5,'4.99',123,'18.99','G','Trailers,Commentaries,Deleted Scenes','2023-07-28',0),(96,'BREAKING HOME','A Beautiful Display of a Secret Agent And a Monkey who must Battle a Sumo Wrestler in An Abandoned Mine Shaft',1,4,'2.99',169,'21.99','PG-13','Trailers,Commentaries','2023-07-28',0),(97,'BRIDE INTRIGUE','A Epic Tale of a Robot And a Monkey who must Vanquish a Man in New Orleans',1,7,'0.99',56,'24.99','G','Trailers,Commentaries,Behind the Scenes','2023-07-28',0),(98,'BRIGHT ENCOUNTERS','A Fateful Yarn of a Lumberjack And a Feminist who must Conquer a Student in A Jet Boat',1,4,'4.99',73,'12.99','PG-13','Trailers','2023-07-28',0),(99,'BRINGING HYSTERICAL','A Fateful Saga of a A Shark And a Technical Writer who must Find a Woman in A Jet Boat',1,7,'2.99',136,'14.99','PG','Trailers','2023-07-28',0),(100,'BROOKLYN DESERT','A Beautiful Drama of a Dentist And a Composer who must Battle a Sumo Wrestler in The First Manned Space Station',1,7,'4.99',161,'21.99','R','Commentaries','2023-07-28',0),(101,'BROTHERHOOD BLANKET','A Fateful Character Study of a Butler And a Technical Writer who must Sink a Astronaut in Ancient Japan',1,3,'0.99',73,'26.99','R','Behind the Scenes','2023-07-28',0),(102,'BUBBLE GROSSE','A Awe-Inspiring Panorama of a Crocodile And a Moose who must Confront a Girl in A Baloon',1,4,'4.99',60,'20.99','R','Trailers,Commentaries,Deleted Scenes,Behind the Scenes','2023-07-28',0),(103,'BUCKET BROTHERHOOD','A Amazing Display of a Girl And a Womanizer who must Succumb a Lumberjack in A Baloon Factory',1,7,'4.99',133,'27.99','PG','Commentaries,Deleted Scenes','2023-07-28',0),(104,'BUGSY SONG','A Awe-Inspiring Character Study of a Secret Agent And a Boat who must Find a Squirrel in The First Manned Space Station',1,4,'2.99',119,'17.99','G','Commentaries','2023-07-28',0),(105,'BULL SHAWSHANK','A Fanciful Drama of a Moose And a Squirrel who must Conquer a Pioneer in The Canadian Rockies',1,6,'0.99',125,'21.99','NC-17','Deleted Scenes','2023-07-28',0),(106,'BULWORTH COMMANDMENTS','A Amazing Display of a Mad Cow And a Pioneer who must Redeem a Sumo Wrestler in The Outback',1,4,'2.99',61,'14.99','G','Trailers','2023-07-28',0),(107,'BUNCH MINDS','A Emotional Story of a Feminist And a Feminist who must Escape a Pastry Chef in A MySQL Convention',1,4,'2.99',63,'13.99','G','Behind the Scenes','2023-07-28',0),(108,'BUTCH PANTHER','A Lacklusture Yarn of a Feminist And a Database Administrator who must Face a Hunter in New Orleans',1,6,'0.99',67,'19.99','PG-13','Trailers,Commentaries,Deleted Scenes','2023-07-28',0),(109,'BUTTERFLY CHOCOLAT','A Fateful Story of a Girl And a Composer who must Conquer a Husband in A Shark Tank',1,3,'0.99',89,'17.99','G','Behind the Scenes','2023-07-28',0),(110,'CABIN FLASH','A Stunning Epistle of a Boat And a Man who must Challenge a A Shark in A Baloon Factory',1,4,'0.99',53,'25.99','NC-17','Commentaries,Deleted Scenes','2023-07-28',0),(111,'CADDYSHACK JEDI','A Awe-Inspiring Epistle of a Woman And a Madman who must Fight a Robot in Soviet Georgia',1,3,'0.99',52,'17.99','NC-17','Commentaries,Deleted Scenes','2023-07-28',0),(112,'CALENDAR GUNFIGHT','A Thrilling Drama of a Frisbee And a Lumberjack who must Sink a Man in Nigeria',1,4,'4.99',120,'22.99','NC-17','Trailers,Commentaries,Behind the Scenes','2023-07-28',0),(113,'CALIFORNIA BIRDS','A Thrilling Yarn of a Database Administrator And a Robot who must Battle a Database Administrator in Ancient India',1,4,'4.99',75,'19.99','NC-17','Trailers,Commentaries,Deleted Scenes','2023-07-28',0),(114,'CAMELOT VACATION','A Touching Character Study of a Woman And a Waitress who must Battle a Pastry Chef in A MySQL Convention',1,3,'0.99',61,'26.99','NC-17','Trailers,Commentaries,Deleted Scenes,Behind the Scenes','2023-07-28',0),(115,'CAMPUS REMEMBER','A Astounding Drama of a Crocodile And a Mad Cow who must Build a Robot in A Jet Boat',1,5,'2.99',167,'27.99','R','Behind the Scenes','2023-07-28',0),(116,'CANDIDATE PERDITION','A Brilliant Epistle of a Composer And a Database Administrator who must Vanquish a Mad Scientist in The First Manned Space Station',1,4,'2.99',70,'10.99','R','Deleted Scenes,Behind the Scenes','2023-07-28',0),(117,'CANDLES GRAPES','A Fanciful Character Study of a Monkey And a Explorer who must Build a Astronaut in An Abandoned Fun House',1,6,'4.99',135,'15.99','NC-17','Trailers,Deleted Scenes','2023-07-28',0),(118,'CANYON STOCK','A Thoughtful Reflection of a Waitress And a Feminist who must Escape a Squirrel in A Manhattan Penthouse',1,7,'0.99',85,'26.99','R','Trailers,Deleted Scenes','2023-07-28',0),(119,'CAPER MOTIONS','A Fateful Saga of a Moose And a Car who must Pursue a Woman in A MySQL Convention',1,6,'0.99',176,'22.99','G','Trailers,Commentaries,Deleted Scenes','2023-07-28',0),(120,'CARIBBEAN LIBERTY','A Fanciful Tale of a Pioneer And a Technical Writer who must Outgun a Pioneer in A Shark Tank',1,3,'4.99',92,'16.99','NC-17','Commentaries,Deleted Scenes','2023-07-28',0),(121,'CAROL TEXAS','A Astounding Character Study of a Composer And a Student who must Overcome a Composer in A Monastery',1,4,'2.99',151,'15.99','PG','Trailers,Behind the Scenes','2023-07-28',0),(122,'CARRIE BUNCH','A Amazing Epistle of a Student And a Astronaut who must Discover a Frisbee in The Canadian Rockies',1,7,'0.99',114,'11.99','PG','Trailers,Commentaries,Behind the Scenes','2023-07-28',0),(123,'CASABLANCA SUPER','A Amazing Panorama of a Crocodile And a Forensic Psychologist who must Pursue a Secret Agent in The First Manned Space Station',1,6,'4.99',85,'22.99','G','Trailers,Deleted Scenes,Behind the Scenes','2023-07-28',0),(124,'CASPER DRAGONFLY','A Intrepid Documentary of a Boat And a Crocodile who must Chase a Robot in The Sahara Desert',1,3,'4.99',163,'16.99','PG-13','Trailers','2023-07-28',0),(125,'CASSIDY WYOMING','A Intrepid Drama of a Frisbee And a Hunter who must Kill a Secret Agent in New Orleans',1,5,'2.99',61,'19.99','NC-17','Commentaries,Behind the Scenes','2023-07-28',0),(126,'CASUALTIES ENCINO','A Insightful Yarn of a A Shark And a Pastry Chef who must Face a Boy in A Monastery',1,3,'4.99',179,'16.99','G','Trailers','2023-07-28',0),(127,'CAT CONEHEADS','A Fast-Paced Panorama of a Girl And a A Shark who must Confront a Boy in Ancient India',1,5,'4.99',112,'14.99','G','Commentaries,Deleted Scenes','2023-07-28',0),(128,'CATCH AMISTAD','A Boring Reflection of a Lumberjack And a Feminist who must Discover a Woman in Nigeria',1,7,'0.99',183,'10.99','G','Trailers,Behind the Scenes','2023-07-28',0),(129,'CAUSE DATE','A Taut Tale of a Explorer And a Pastry Chef who must Conquer a Hunter in A MySQL Convention',1,3,'2.99',179,'16.99','R','Commentaries,Deleted Scenes,Behind the Scenes','2023-07-28',0),(130,'CELEBRITY HORN','A Amazing Documentary of a Secret Agent And a Astronaut who must Vanquish a Hunter in A Shark Tank',1,7,'0.99',110,'24.99','PG-13','Deleted Scenes,Behind the Scenes','2023-07-28',0),(131,'CENTER DINOSAUR','A Beautiful Character Study of a Sumo Wrestler And a Dentist who must Find a Dog in California',1,5,'4.99',152,'12.99','PG','Deleted Scenes','2023-07-28',0),(132,'CHAINSAW UPTOWN','A Beautiful Documentary of a Boy And a Robot who must Discover a Squirrel in Australia',1,6,'0.99',114,'25.99','PG','Deleted Scenes,Behind the Scenes','2023-07-28',0),(133,'CHAMBER ITALIAN','A Fateful Reflection of a Moose And a Husband who must Overcome a Monkey in Nigeria',1,7,'4.99',117,'14.99','NC-17','Trailers','2023-07-28',0),(134,'CHAMPION FLATLINERS','A Amazing Story of a Mad Cow And a Dog who must Kill a Husband in A Monastery',1,4,'4.99',51,'21.99','PG','Trailers','2023-07-28',0),(135,'CHANCE RESURRECTION','A Astounding Story of a Forensic Psychologist And a Forensic Psychologist who must Overcome a Moose in Ancient China',1,3,'2.99',70,'22.99','R','Commentaries,Deleted Scenes,Behind the Scenes','2023-07-28',0),(136,'CHAPLIN LICENSE','A Boring Drama of a Dog And a Forensic Psychologist who must Outrace a Explorer in Ancient India',1,7,'2.99',146,'26.99','NC-17','Behind the Scenes','2023-07-28',0),(137,'CHARADE DUFFEL','A Action-Packed Display of a Man And a Waitress who must Build a Dog in A MySQL Convention',1,3,'2.99',66,'21.99','PG','Trailers,Deleted Scenes,Behind the Scenes','2023-07-28',0),(138,'CHARIOTS CONSPIRACY','A Unbelieveable Epistle of a Robot And a Husband who must Chase a Robot in The First Manned Space Station',1,5,'2.99',71,'29.99','R','Deleted Scenes,Behind the Scenes','2023-07-28',0),(139,'CHASING FIGHT','A Astounding Saga of a Technical Writer And a Butler who must Battle a Butler in A Shark Tank',1,7,'4.99',114,'21.99','PG','Trailers,Commentaries','2023-07-28',0),(140,'CHEAPER CLYDE','A Emotional Character Study of a Pioneer And a Girl who must Discover a Dog in Ancient Japan',1,6,'0.99',87,'23.99','G','Trailers,Commentaries,Behind the Scenes','2023-07-28',0),(141,'CHICAGO NORTH','A Fateful Yarn of a Mad Cow And a Waitress who must Battle a Student in California',1,6,'4.99',185,'11.99','PG-13','Deleted Scenes,Behind the Scenes','2023-07-28',0),(142,'CHICKEN HELLFIGHTERS','A Emotional Drama of a Dog And a Explorer who must Outrace a Technical Writer in Australia',1,3,'0.99',122,'24.99','PG','Trailers,Commentaries,Deleted Scenes,Behind the Scenes','2023-07-28',0),(143,'CHILL LUCK','A Lacklusture Epistle of a Boat And a Technical Writer who must Fight a A Shark in The Canadian Rockies',1,6,'0.99',142,'17.99','PG','Trailers,Commentaries,Deleted Scenes','2023-07-28',0),(144,'CHINATOWN GLADIATOR','A Brilliant Panorama of a Technical Writer And a Lumberjack who must Escape a Butler in Ancient India',1,7,'4.99',61,'24.99','PG','Trailers,Commentaries,Deleted Scenes','2023-07-28',0),(145,'CHISUM BEHAVIOR','A Epic Documentary of a Sumo Wrestler And a Butler who must Kill a Car in Ancient India',1,5,'4.99',124,'25.99','G','Trailers,Commentaries,Behind the Scenes','2023-07-28',0),(146,'CHITTY LOCK','A Boring Epistle of a Boat And a Database Administrator who must Kill a Sumo Wrestler in The First Manned Space Station',1,6,'2.99',107,'24.99','G','Commentaries','2023-07-28',0),(147,'CHOCOLAT HARRY','A Action-Packed Epistle of a Dentist And a Moose who must Meet a Mad Cow in Ancient Japan',1,5,'0.99',101,'16.99','NC-17','Commentaries,Behind the Scenes','2023-07-28',0),(148,'CHOCOLATE DUCK','A Unbelieveable Story of a Mad Scientist And a Technical Writer who must Discover a Composer in Ancient China',1,3,'2.99',132,'13.99','R','Trailers,Commentaries,Behind the Scenes','2023-07-28',0),(149,'CHRISTMAS MOONSHINE','A Action-Packed Epistle of a Feminist And a Astronaut who must Conquer a Boat in A Manhattan Penthouse',1,7,'0.99',150,'21.99','NC-17','Trailers,Commentaries,Behind the Scenes','2023-07-28',0),(150,'CIDER DESIRE','A Stunning Character Study of a Composer And a Mad Cow who must Succumb a Cat in Soviet Georgia',1,7,'2.99',101,'9.99','PG','Behind the Scenes','2023-07-28',0),(151,'CINCINATTI WHISPERER','A Brilliant Saga of a Pastry Chef And a Hunter who must Confront a Butler in Berlin',1,5,'4.99',143,'26.99','NC-17','Deleted Scenes','2023-07-28',0),(152,'CIRCUS YOUTH','A Thoughtful Drama of a Pastry Chef And a Dentist who must Pursue a Girl in A Baloon',1,5,'2.99',90,'13.99','PG-13','Trailers,Deleted Scenes,Behind the Scenes','2023-07-28',0),(153,'CITIZEN SHREK','A Fanciful Character Study of a Technical Writer And a Husband who must Redeem a Robot in The Outback',1,7,'0.99',165,'18.99','G','Commentaries,Deleted Scenes','2023-07-28',0),(154,'CLASH FREDDY','A Amazing Yarn of a Composer And a Squirrel who must Escape a Astronaut in Australia',1,6,'2.99',81,'12.99','G','Commentaries,Deleted Scenes','2023-07-28',0),(155,'CLEOPATRA DEVIL','A Fanciful Documentary of a Crocodile And a Technical Writer who must Fight a A Shark in A Baloon',1,6,'0.99',150,'26.99','PG-13','Trailers,Deleted Scenes,Behind the Scenes','2023-07-28',0),(156,'CLERKS ANGELS','A Thrilling Display of a Sumo Wrestler And a Girl who must Confront a Man in A Baloon',1,3,'4.99',164,'15.99','G','Commentaries','2023-07-28',0),(157,'CLOCKWORK PARADISE','A Insightful Documentary of a Technical Writer And a Feminist who must Challenge a Cat in A Baloon',1,7,'0.99',143,'29.99','PG-13','Trailers,Commentaries,Deleted Scenes,Behind the Scenes','2023-07-28',0),(158,'CLONES PINOCCHIO','A Amazing Drama of a Car And a Robot who must Pursue a Dentist in New Orleans',1,6,'2.99',124,'16.99','R','Behind the Scenes','2023-07-28',0),(159,'CLOSER BANG','A Unbelieveable Panorama of a Frisbee And a Hunter who must Vanquish a Monkey in Ancient India',1,5,'4.99',58,'12.99','R','Trailers,Behind the Scenes','2023-07-28',0),(160,'CLUB GRAFFITI','A Epic Tale of a Pioneer And a Hunter who must Escape a Girl in A U-Boat',1,4,'0.99',65,'12.99','PG-13','Trailers,Deleted Scenes','2023-07-28',0),(161,'CLUE GRAIL','A Taut Tale of a Butler And a Mad Scientist who must Build a Crocodile in Ancient China',1,6,'4.99',70,'27.99','NC-17','Trailers,Commentaries,Behind the Scenes','2023-07-28',0),(162,'CLUELESS BUCKET','A Taut Tale of a Car And a Pioneer who must Conquer a Sumo Wrestler in An Abandoned Fun House',1,4,'2.99',95,'13.99','R','Trailers,Deleted Scenes,Behind the Scenes','2023-07-28',0),(163,'CLYDE THEORY','A Beautiful Yarn of a Astronaut And a Frisbee who must Overcome a Explorer in A Jet Boat',1,4,'0.99',139,'29.99','PG-13','Commentaries,Deleted Scenes,Behind the Scenes','2023-07-28',0),(164,'COAST RAINBOW','A Astounding Documentary of a Mad Cow And a Pioneer who must Challenge a Butler in The Sahara Desert',1,4,'0.99',55,'20.99','PG','Trailers,Commentaries,Deleted Scenes,Behind the Scenes','2023-07-28',0),(165,'COLDBLOODED DARLING','A Brilliant Panorama of a Dentist And a Moose who must Find a Student in The Gulf of Mexico',1,7,'4.99',70,'27.99','G','Trailers,Deleted Scenes','2023-07-28',0),(166,'COLOR PHILADELPHIA','A Thoughtful Panorama of a Car And a Crocodile who must Sink a Monkey in The Sahara Desert',1,6,'2.99',149,'19.99','G','Commentaries,Behind the Scenes','2023-07-28',0),(167,'COMA HEAD','A Awe-Inspiring Drama of a Boy And a Frisbee who must Escape a Pastry Chef in California',1,6,'4.99',109,'10.99','NC-17','Commentaries','2023-07-28',0),(168,'COMANCHEROS ENEMY','A Boring Saga of a Lumberjack And a Monkey who must Find a Monkey in The Gulf of Mexico',1,5,'0.99',67,'23.99','R','Trailers,Behind the Scenes','2023-07-28',0),(169,'COMFORTS RUSH','A Unbelieveable Panorama of a Pioneer And a Husband who must Meet a Mad Cow in An Abandoned Mine Shaft',1,3,'2.99',76,'19.99','NC-17','Commentaries,Behind the Scenes','2023-07-28',0),(170,'COMMAND DARLING','A Awe-Inspiring Tale of a Forensic Psychologist And a Woman who must Challenge a Database Administrator in Ancient Japan',1,5,'4.99',120,'28.99','PG-13','Behind the Scenes','2023-07-28',0),(171,'COMMANDMENTS EXPRESS','A Fanciful Saga of a Student And a Mad Scientist who must Battle a Hunter in An Abandoned Mine Shaft',1,6,'4.99',59,'13.99','R','Trailers,Commentaries,Deleted Scenes','2023-07-28',0),(172,'CONEHEADS SMOOCHY','A Touching Story of a Womanizer And a Composer who must Pursue a Husband in Nigeria',1,7,'4.99',112,'12.99','NC-17','Deleted Scenes,Behind the Scenes','2023-07-28',0),(173,'CONFESSIONS MAGUIRE','A Insightful Story of a Car And a Boy who must Battle a Technical Writer in A Baloon',1,7,'4.99',65,'25.99','PG-13','Behind the Scenes','2023-07-28',0),(174,'CONFIDENTIAL INTERVIEW','A Stunning Reflection of a Cat And a Woman who must Find a Astronaut in Ancient Japan',1,6,'4.99',180,'13.99','NC-17','Commentaries','2023-07-28',0),(175,'CONFUSED CANDLES','A Stunning Epistle of a Cat And a Forensic Psychologist who must Confront a Pioneer in A Baloon',1,3,'2.99',122,'27.99','PG-13','Trailers,Commentaries,Deleted Scenes,Behind the Scenes','2023-07-28',0),(176,'CONGENIALITY QUEST','A Touching Documentary of a Cat And a Pastry Chef who must Find a Lumberjack in A Baloon',1,6,'0.99',87,'21.99','PG-13','Commentaries,Behind the Scenes','2023-07-28',0),(177,'CONNECTICUT TRAMP','A Unbelieveable Drama of a Crocodile And a Mad Cow who must Reach a Dentist in A Shark Tank',1,4,'4.99',172,'20.99','R','Commentaries,Deleted Scenes','2023-07-28',0),(178,'CONNECTION MICROCOSMOS','A Fateful Documentary of a Crocodile And a Husband who must Face a Husband in The First Manned Space Station',1,6,'0.99',115,'25.99','G','Deleted Scenes,Behind the Scenes','2023-07-28',0),(179,'CONQUERER NUTS','A Taut Drama of a Mad Scientist And a Man who must Escape a Pioneer in An Abandoned Mine Shaft',1,4,'4.99',173,'14.99','G','Commentaries,Deleted Scenes,Behind the Scenes','2023-07-28',0),(180,'CONSPIRACY SPIRIT','A Awe-Inspiring Story of a Student And a Frisbee who must Conquer a Crocodile in An Abandoned Mine Shaft',1,4,'2.99',184,'27.99','PG-13','Trailers,Commentaries','2023-07-28',0),(181,'CONTACT ANONYMOUS','A Insightful Display of a A Shark And a Monkey who must Face a Database Administrator in Ancient India',1,7,'2.99',166,'10.99','PG-13','Commentaries','2023-07-28',0),(182,'CONTROL ANTHEM','A Fateful Documentary of a Robot And a Student who must Battle a Cat in A Monastery',1,7,'4.99',185,'9.99','G','Commentaries','2023-07-28',0),(183,'CONVERSATION DOWNHILL','A Taut Character Study of a Husband And a Waitress who must Sink a Squirrel in A MySQL Convention',1,4,'4.99',112,'14.99','R','Commentaries','2023-07-28',0),(184,'CORE SUIT','A Unbelieveable Tale of a Car And a Explorer who must Confront a Boat in A Manhattan Penthouse',1,3,'2.99',92,'24.99','PG-13','Deleted Scenes','2023-07-28',0),(185,'COWBOY DOOM','A Astounding Drama of a Boy And a Lumberjack who must Fight a Butler in A Baloon',1,3,'2.99',146,'10.99','PG','Commentaries,Deleted Scenes,Behind the Scenes','2023-07-28',0),(186,'CRAFT OUTFIELD','A Lacklusture Display of a Explorer And a Hunter who must Succumb a Database Administrator in A Baloon Factory',1,6,'0.99',64,'17.99','NC-17','Deleted Scenes,Behind the Scenes','2023-07-28',0),(187,'CRANES RESERVOIR','A Fanciful Documentary of a Teacher And a Dog who must Outgun a Forensic Psychologist in A Baloon Factory',1,5,'2.99',57,'12.99','NC-17','Commentaries','2023-07-28',0),(188,'CRAZY HOME','A Fanciful Panorama of a Boy And a Woman who must Vanquish a Database Administrator in The Outback',1,7,'2.99',136,'24.99','PG','Commentaries,Deleted Scenes','2023-07-28',0),(189,'CREATURES SHAKESPEARE','A Emotional Drama of a Womanizer And a Squirrel who must Vanquish a Crocodile in Ancient India',1,3,'0.99',139,'23.99','NC-17','Trailers,Deleted Scenes','2023-07-28',0),(190,'CREEPERS KANE','A Awe-Inspiring Reflection of a Squirrel And a Boat who must Outrace a Car in A Jet Boat',1,5,'4.99',172,'23.99','NC-17','Trailers,Behind the Scenes','2023-07-28',0),(191,'CROOKED FROGMEN','A Unbelieveable Drama of a Hunter And a Database Administrator who must Battle a Crocodile in An Abandoned Amusement Park',1,6,'0.99',143,'27.99','PG-13','Commentaries,Deleted Scenes,Behind the Scenes','2023-07-28',0),(192,'CROSSING DIVORCE','A Beautiful Documentary of a Dog And a Robot who must Redeem a Womanizer in Berlin',1,4,'4.99',50,'19.99','R','Commentaries,Deleted Scenes,Behind the Scenes','2023-07-28',0),(193,'CROSSROADS CASUALTIES','A Intrepid Documentary of a Sumo Wrestler And a Astronaut who must Battle a Composer in The Outback',1,5,'2.99',153,'20.99','G','Trailers,Commentaries,Behind the Scenes','2023-07-28',0),(194,'CROW GREASE','A Awe-Inspiring Documentary of a Woman And a Husband who must Sink a Database Administrator in The First Manned Space Station',1,6,'0.99',104,'22.99','PG','Trailers,Commentaries,Behind the Scenes','2023-07-28',0),(195,'CROWDS TELEMARK','A Intrepid Documentary of a Astronaut And a Forensic Psychologist who must Find a Frisbee in An Abandoned Fun House',1,3,'4.99',112,'16.99','R','Trailers,Behind the Scenes','2023-07-28',0),(196,'CRUELTY UNFORGIVEN','A Brilliant Tale of a Car And a Moose who must Battle a Dentist in Nigeria',1,7,'0.99',69,'29.99','G','Deleted Scenes,Behind the Scenes','2023-07-28',0),(197,'CRUSADE HONEY','A Fast-Paced Reflection of a Explorer And a Butler who must Battle a Madman in An Abandoned Amusement Park',1,4,'2.99',112,'27.99','R','Commentaries','2023-07-28',0),(198,'CRYSTAL BREAKING','A Fast-Paced Character Study of a Feminist And a Explorer who must Face a Pastry Chef in Ancient Japan',1,6,'2.99',184,'22.99','NC-17','Trailers,Commentaries','2023-07-28',0),(199,'CUPBOARD SINNERS','A Emotional Reflection of a Frisbee And a Boat who must Reach a Pastry Chef in An Abandoned Amusement Park',1,4,'2.99',56,'29.99','R','Behind the Scenes','2023-07-28',0),(200,'CURTAIN VIDEOTAPE','A Boring Reflection of a Dentist And a Mad Cow who must Chase a Secret Agent in A Shark Tank',1,7,'0.99',133,'27.99','PG-13','Trailers,Commentaries,Deleted Scenes,Behind the Scenes','2023-07-28',0),(201,'CYCLONE FAMILY','A Lacklusture Drama of a Student And a Monkey who must Sink a Womanizer in A MySQL Convention',1,7,'2.99',176,'18.99','PG','Trailers,Deleted Scenes','2023-07-28',0),(202,'DADDY PITTSBURGH','A Epic Story of a A Shark And a Student who must Confront a Explorer in The Gulf of Mexico',1,5,'4.99',161,'26.99','G','Deleted Scenes,Behind the Scenes','2023-07-28',0),(203,'DAISY MENAGERIE','A Fast-Paced Saga of a Pastry Chef And a Monkey who must Sink a Composer in Ancient India',1,5,'4.99',84,'9.99','G','Trailers,Commentaries,Behind the Scenes','2023-07-28',0),(204,'DALMATIONS SWEDEN','A Emotional Epistle of a Moose And a Hunter who must Overcome a Robot in A Manhattan Penthouse',1,4,'0.99',106,'25.99','PG','Trailers,Commentaries,Deleted Scenes','2023-07-28',0),(205,'DANCES NONE','A Insightful Reflection of a A Shark And a Dog who must Kill a Butler in An Abandoned Amusement Park',1,3,'0.99',58,'22.99','NC-17','Trailers,Commentaries,Deleted Scenes,Behind the Scenes','2023-07-28',0),(206,'DANCING FEVER','A Stunning Story of a Explorer And a Forensic Psychologist who must Face a Crocodile in A Shark Tank',1,6,'0.99',144,'25.99','G','Commentaries,Behind the Scenes','2023-07-28',0),(207,'DANGEROUS UPTOWN','A Unbelieveable Story of a Mad Scientist And a Woman who must Overcome a Dog in California',1,7,'4.99',121,'26.99','PG','Commentaries','2023-07-28',0),(208,'DARES PLUTO','A Fateful Story of a Robot And a Dentist who must Defeat a Astronaut in New Orleans',1,7,'2.99',89,'16.99','PG-13','Commentaries,Behind the Scenes','2023-07-28',0),(209,'DARKNESS WAR','A Touching Documentary of a Husband And a Hunter who must Escape a Boy in The Sahara Desert',1,6,'2.99',99,'24.99','NC-17','Deleted Scenes,Behind the Scenes','2023-07-28',0),(210,'DARKO DORADO','A Stunning Reflection of a Frisbee And a Husband who must Redeem a Dog in New Orleans',1,3,'4.99',130,'13.99','NC-17','Trailers,Commentaries,Deleted Scenes,Behind the Scenes','2023-07-28',0),(211,'DARLING BREAKING','A Brilliant Documentary of a Astronaut And a Squirrel who must Succumb a Student in The Gulf of Mexico',1,7,'4.99',165,'20.99','PG-13','Commentaries,Behind the Scenes','2023-07-28',0),(212,'DARN FORRESTER','A Fateful Story of a A Shark And a Explorer who must Succumb a Technical Writer in A Jet Boat',1,7,'4.99',185,'14.99','G','Deleted Scenes','2023-07-28',0),(213,'DATE SPEED','A Touching Saga of a Composer And a Moose who must Discover a Dentist in A MySQL Convention',1,4,'0.99',104,'19.99','R','Commentaries','2023-07-28',0),(214,'DAUGHTER MADIGAN','A Beautiful Tale of a Hunter And a Mad Scientist who must Confront a Squirrel in The First Manned Space Station',1,3,'4.99',59,'13.99','PG-13','Trailers','2023-07-28',0),(215,'DAWN POND','A Thoughtful Documentary of a Dentist And a Forensic Psychologist who must Defeat a Waitress in Berlin',1,4,'4.99',57,'27.99','PG','Trailers,Deleted Scenes,Behind the Scenes','2023-07-28',0),(216,'DAY UNFAITHFUL','A Stunning Documentary of a Composer And a Mad Scientist who must Find a Technical Writer in A U-Boat',1,3,'4.99',113,'16.99','G','Trailers,Commentaries,Deleted Scenes,Behind the Scenes','2023-07-28',0),(217,'DAZED PUNK','A Action-Packed Story of a Pioneer And a Technical Writer who must Discover a Forensic Psychologist in An Abandoned Amusement Park',1,6,'4.99',120,'20.99','G','Commentaries,Deleted Scenes','2023-07-28',0),(218,'DECEIVER BETRAYED','A Taut Story of a Moose And a Squirrel who must Build a Husband in Ancient India',1,7,'0.99',122,'22.99','NC-17','Trailers,Commentaries,Deleted Scenes,Behind the Scenes','2023-07-28',0),(219,'DEEP CRUSADE','A Amazing Tale of a Crocodile And a Squirrel who must Discover a Composer in Australia',1,6,'4.99',51,'20.99','PG-13','Commentaries,Behind the Scenes','2023-07-28',0),(220,'DEER VIRGINIAN','A Thoughtful Story of a Mad Cow And a Womanizer who must Overcome a Mad Scientist in Soviet Georgia',1,7,'2.99',106,'13.99','NC-17','Deleted Scenes','2023-07-28',0),(221,'DELIVERANCE MULHOLLAND','A Astounding Saga of a Monkey And a Moose who must Conquer a Butler in A Shark Tank',1,4,'0.99',100,'9.99','R','Deleted Scenes','2023-07-28',0),(222,'DESERT POSEIDON','A Brilliant Documentary of a Butler And a Frisbee who must Build a Astronaut in New Orleans',1,4,'4.99',64,'27.99','R','Trailers,Behind the Scenes','2023-07-28',0),(223,'DESIRE ALIEN','A Fast-Paced Tale of a Dog And a Forensic Psychologist who must Meet a Astronaut in The First Manned Space Station',1,7,'2.99',76,'24.99','NC-17','Deleted Scenes','2023-07-28',0),(224,'DESPERATE TRAINSPOTTING','A Epic Yarn of a Forensic Psychologist And a Teacher who must Face a Lumberjack in California',1,7,'4.99',81,'29.99','G','Deleted Scenes','2023-07-28',0),(225,'DESTINATION JERK','A Beautiful Yarn of a Teacher And a Cat who must Build a Car in A U-Boat',1,3,'0.99',76,'19.99','PG-13','Trailers,Commentaries,Behind the Scenes','2023-07-28',0),(226,'DESTINY SATURDAY','A Touching Drama of a Crocodile And a Crocodile who must Conquer a Explorer in Soviet Georgia',1,4,'4.99',56,'20.99','G','Trailers,Commentaries,Behind the Scenes','2023-07-28',0),(227,'DETAILS PACKER','A Epic Saga of a Waitress And a Composer who must Face a Boat in A U-Boat',1,4,'4.99',88,'17.99','R','Commentaries,Deleted Scenes','2023-07-28',0),(228,'DETECTIVE VISION','A Fanciful Documentary of a Pioneer And a Woman who must Redeem a Hunter in Ancient Japan',1,4,'0.99',143,'16.99','PG-13','Trailers,Commentaries,Behind the Scenes','2023-07-28',0),(229,'DEVIL DESIRE','A Beautiful Reflection of a Monkey And a Dentist who must Face a Database Administrator in Ancient Japan',1,6,'4.99',87,'12.99','R','Trailers,Behind the Scenes','2023-07-28',0),(230,'DIARY PANIC','A Thoughtful Character Study of a Frisbee And a Mad Cow who must Outgun a Man in Ancient India',1,7,'2.99',107,'20.99','G','Commentaries,Behind the Scenes','2023-07-28',0),(231,'DINOSAUR SECRETARY','A Action-Packed Drama of a Feminist And a Girl who must Reach a Robot in The Canadian Rockies',1,7,'2.99',63,'27.99','R','Trailers,Behind the Scenes','2023-07-28',0),(232,'DIRTY ACE','A Action-Packed Character Study of a Forensic Psychologist And a Girl who must Build a Dentist in The Outback',1,7,'2.99',147,'29.99','NC-17','Commentaries,Deleted Scenes,Behind the Scenes','2023-07-28',0),(233,'DISCIPLE MOTHER','A Touching Reflection of a Mad Scientist And a Boat who must Face a Moose in A Shark Tank',1,3,'0.99',141,'17.99','PG','Trailers,Deleted Scenes,Behind the Scenes','2023-07-28',0),(234,'DISTURBING SCARFACE','A Lacklusture Display of a Crocodile And a Butler who must Overcome a Monkey in A U-Boat',1,6,'2.99',94,'27.99','R','Trailers,Behind the Scenes','2023-07-28',0),(235,'DIVIDE MONSTER','A Intrepid Saga of a Man And a Forensic Psychologist who must Reach a Squirrel in A Monastery',1,6,'2.99',68,'13.99','PG-13','Trailers,Commentaries','2023-07-28',0),(236,'DIVINE RESURRECTION','A Boring Character Study of a Man And a Womanizer who must Succumb a Teacher in An Abandoned Amusement Park',1,4,'2.99',100,'19.99','R','Trailers,Commentaries','2023-07-28',0),(237,'DIVORCE SHINING','A Unbelieveable Saga of a Crocodile And a Student who must Discover a Cat in Ancient India',1,3,'2.99',47,'21.99','G','Trailers,Commentaries,Deleted Scenes','2023-07-28',0),(238,'DOCTOR GRAIL','A Insightful Drama of a Womanizer And a Waitress who must Reach a Forensic Psychologist in The Outback',1,4,'2.99',57,'29.99','G','Trailers,Commentaries,Behind the Scenes','2023-07-28',0),(239,'DOGMA FAMILY','A Brilliant Character Study of a Database Administrator And a Monkey who must Succumb a Astronaut in New Orleans',1,5,'4.99',122,'16.99','G','Commentaries','2023-07-28',0),(240,'DOLLS RAGE','A Thrilling Display of a Pioneer And a Frisbee who must Escape a Teacher in The Outback',1,7,'2.99',120,'10.99','PG-13','Commentaries,Deleted Scenes','2023-07-28',0),(241,'DONNIE ALLEY','A Awe-Inspiring Tale of a Butler And a Frisbee who must Vanquish a Teacher in Ancient Japan',1,4,'0.99',125,'20.99','NC-17','Trailers,Commentaries,Behind the Scenes','2023-07-28',0),(242,'DOOM DANCING','A Astounding Panorama of a Car And a Mad Scientist who must Battle a Lumberjack in A MySQL Convention',1,4,'0.99',68,'13.99','R','Trailers,Commentaries','2023-07-28',0),(243,'DOORS PRESIDENT','A Awe-Inspiring Display of a Squirrel And a Woman who must Overcome a Boy in The Gulf of Mexico',1,3,'4.99',49,'22.99','NC-17','Trailers,Commentaries,Deleted Scenes,Behind the Scenes','2023-07-28',0),(244,'DORADO NOTTING','A Action-Packed Tale of a Sumo Wrestler And a A Shark who must Meet a Frisbee in California',1,5,'4.99',139,'26.99','NC-17','Commentaries','2023-07-28',0),(245,'DOUBLE WRATH','A Thoughtful Yarn of a Womanizer And a Dog who must Challenge a Madman in The Gulf of Mexico',1,4,'0.99',177,'28.99','R','Trailers,Deleted Scenes,Behind the Scenes','2023-07-28',0),(246,'DOUBTFIRE LABYRINTH','A Intrepid Panorama of a Butler And a Composer who must Meet a Mad Cow in The Sahara Desert',1,5,'4.99',154,'16.99','R','Deleted Scenes,Behind the Scenes','2023-07-28',0),(247,'DOWNHILL ENOUGH','A Emotional Tale of a Pastry Chef And a Forensic Psychologist who must Succumb a Monkey in The Sahara Desert',1,3,'0.99',47,'19.99','G','Trailers,Commentaries,Deleted Scenes','2023-07-28',0),(248,'DOZEN LION','A Taut Drama of a Cat And a Girl who must Defeat a Frisbee in The Canadian Rockies',1,6,'4.99',177,'20.99','NC-17','Commentaries,Deleted Scenes,Behind the Scenes','2023-07-28',0),(249,'DRACULA CRYSTAL','A Thrilling Reflection of a Feminist And a Cat who must Find a Frisbee in An Abandoned Fun House',1,7,'0.99',176,'26.99','G','Commentaries','2023-07-28',0),(250,'DRAGON SQUAD','A Taut Reflection of a Boy And a Waitress who must Outgun a Teacher in Ancient China',1,4,'0.99',170,'26.99','NC-17','Deleted Scenes,Behind the Scenes','2023-07-28',0),(251,'DRAGONFLY STRANGERS','A Boring Documentary of a Pioneer And a Man who must Vanquish a Man in Nigeria',1,6,'4.99',133,'19.99','NC-17','Trailers,Behind the Scenes','2023-07-28',0),(252,'DREAM PICKUP','A Epic Display of a Car And a Composer who must Overcome a Forensic Psychologist in The Gulf of Mexico',1,6,'2.99',135,'18.99','PG','Trailers,Commentaries,Behind the Scenes','2023-07-28',0),(253,'DRIFTER COMMANDMENTS','A Epic Reflection of a Womanizer And a Squirrel who must Discover a Husband in A Jet Boat',1,5,'4.99',61,'18.99','PG-13','Trailers,Behind the Scenes','2023-07-28',0),(254,'DRIVER ANNIE','A Lacklusture Character Study of a Butler And a Car who must Redeem a Boat in An Abandoned Fun House',1,4,'2.99',159,'11.99','PG-13','Trailers,Deleted Scenes,Behind the Scenes','2023-07-28',0),(255,'DRIVING POLISH','A Action-Packed Yarn of a Feminist And a Technical Writer who must Sink a Boat in An Abandoned Mine Shaft',1,6,'4.99',175,'21.99','NC-17','Trailers,Deleted Scenes','2023-07-28',0),(256,'DROP WATERFRONT','A Fanciful Documentary of a Husband And a Explorer who must Reach a Madman in Ancient China',1,6,'4.99',178,'20.99','R','Trailers,Commentaries','2023-07-28',0),(257,'DRUMLINE CYCLONE','A Insightful Panorama of a Monkey And a Sumo Wrestler who must Outrace a Mad Scientist in The Canadian Rockies',1,3,'0.99',110,'14.99','G','Commentaries,Deleted Scenes,Behind the Scenes','2023-07-28',0),(258,'DRUMS DYNAMITE','A Epic Display of a Crocodile And a Crocodile who must Confront a Dog in An Abandoned Amusement Park',1,6,'0.99',96,'11.99','PG','Trailers','2023-07-28',0),(259,'DUCK RACER','A Lacklusture Yarn of a Teacher And a Squirrel who must Overcome a Dog in A Shark Tank',1,4,'2.99',116,'15.99','NC-17','Behind the Scenes','2023-07-28',0),(260,'DUDE BLINDNESS','A Stunning Reflection of a Husband And a Lumberjack who must Face a Frisbee in An Abandoned Fun House',1,3,'4.99',132,'9.99','G','Trailers,Deleted Scenes','2023-07-28',0),(261,'DUFFEL APOCALYPSE','A Emotional Display of a Boat And a Explorer who must Challenge a Madman in A MySQL Convention',1,5,'0.99',171,'13.99','G','Commentaries','2023-07-28',0),(262,'DUMBO LUST','A Touching Display of a Feminist And a Dentist who must Conquer a Husband in The Gulf of Mexico',1,5,'0.99',119,'17.99','NC-17','Behind the Scenes','2023-07-28',0),(263,'DURHAM PANKY','A Brilliant Panorama of a Girl And a Boy who must Face a Mad Scientist in An Abandoned Mine Shaft',1,6,'4.99',154,'14.99','R','Trailers,Commentaries','2023-07-28',0),(264,'DWARFS ALTER','A Emotional Yarn of a Girl And a Dog who must Challenge a Composer in Ancient Japan',1,6,'2.99',101,'13.99','G','Commentaries,Deleted Scenes','2023-07-28',0),(265,'DYING MAKER','A Intrepid Tale of a Boat And a Monkey who must Kill a Cat in California',1,5,'4.99',168,'28.99','PG','Behind the Scenes','2023-07-28',0),(266,'DYNAMITE TARZAN','A Intrepid Documentary of a Forensic Psychologist And a Mad Scientist who must Face a Explorer in A U-Boat',1,4,'0.99',141,'27.99','PG-13','Deleted Scenes','2023-07-28',0),(267,'EAGLES PANKY','A Thoughtful Story of a Car And a Boy who must Find a A Shark in The Sahara Desert',1,4,'4.99',140,'14.99','NC-17','Trailers,Commentaries,Behind the Scenes','2023-07-28',0),(268,'EARLY HOME','A Amazing Panorama of a Mad Scientist And a Husband who must Meet a Woman in The Outback',1,6,'4.99',96,'27.99','NC-17','Trailers,Commentaries,Behind the Scenes','2023-07-28',0),(269,'EARRING INSTINCT','A Stunning Character Study of a Dentist And a Mad Cow who must Find a Teacher in Nigeria',1,3,'0.99',98,'22.99','R','Behind the Scenes','2023-07-28',0),(270,'EARTH VISION','A Stunning Drama of a Butler And a Madman who must Outrace a Womanizer in Ancient India',1,7,'0.99',85,'29.99','NC-17','Trailers,Commentaries,Deleted Scenes','2023-07-28',0),(271,'EASY GLADIATOR','A Fateful Story of a Monkey And a Girl who must Overcome a Pastry Chef in Ancient India',1,5,'4.99',148,'12.99','G','Trailers,Commentaries,Behind the Scenes','2023-07-28',0),(272,'EDGE KISSING','A Beautiful Yarn of a Composer And a Mad Cow who must Redeem a Mad Scientist in A Jet Boat',1,5,'4.99',153,'9.99','NC-17','Deleted Scenes','2023-07-28',0),(273,'EFFECT GLADIATOR','A Beautiful Display of a Pastry Chef And a Pastry Chef who must Outgun a Forensic Psychologist in A Manhattan Penthouse',1,6,'0.99',107,'14.99','PG','Commentaries','2023-07-28',0),(274,'EGG IGBY','A Beautiful Documentary of a Boat And a Sumo Wrestler who must Succumb a Database Administrator in The First Manned Space Station',1,4,'2.99',67,'20.99','PG','Commentaries,Behind the Scenes','2023-07-28',0),(275,'EGYPT TENENBAUMS','A Intrepid Story of a Madman And a Secret Agent who must Outrace a Astronaut in An Abandoned Amusement Park',1,3,'0.99',85,'11.99','PG','Commentaries,Deleted Scenes,Behind the Scenes','2023-07-28',0),(276,'ELEMENT FREDDY','A Awe-Inspiring Reflection of a Waitress And a Squirrel who must Kill a Mad Cow in A Jet Boat',1,6,'4.99',115,'28.99','NC-17','Commentaries,Behind the Scenes','2023-07-28',0),(277,'ELEPHANT TROJAN','A Beautiful Panorama of a Lumberjack And a Forensic Psychologist who must Overcome a Frisbee in A Baloon',1,4,'4.99',126,'24.99','PG-13','Behind the Scenes','2023-07-28',0),(278,'ELF MURDER','A Action-Packed Story of a Frisbee And a Woman who must Reach a Girl in An Abandoned Mine Shaft',1,4,'4.99',155,'19.99','NC-17','Trailers,Commentaries,Behind the Scenes','2023-07-28',0),(279,'ELIZABETH SHANE','A Lacklusture Display of a Womanizer And a Dog who must Face a Sumo Wrestler in Ancient Japan',1,7,'4.99',152,'11.99','NC-17','Trailers,Deleted Scenes,Behind the Scenes','2023-07-28',0),(280,'EMPIRE MALKOVICH','A Amazing Story of a Feminist And a Cat who must Face a Car in An Abandoned Fun House',1,7,'0.99',177,'26.99','G','Deleted Scenes','2023-07-28',0),(281,'ENCINO ELF','A Astounding Drama of a Feminist And a Teacher who must Confront a Husband in A Baloon',1,6,'0.99',143,'9.99','G','Trailers,Behind the Scenes','2023-07-28',0),(282,'ENCOUNTERS CURTAIN','A Insightful Epistle of a Pastry Chef And a Womanizer who must Build a Boat in New Orleans',1,5,'0.99',92,'20.99','NC-17','Trailers','2023-07-28',0),(283,'ENDING CROWDS','A Unbelieveable Display of a Dentist And a Madman who must Vanquish a Squirrel in Berlin',1,6,'0.99',85,'10.99','NC-17','Commentaries,Behind the Scenes','2023-07-28',0),(284,'ENEMY ODDS','A Fanciful Panorama of a Mad Scientist And a Woman who must Pursue a Astronaut in Ancient India',1,5,'4.99',77,'23.99','NC-17','Trailers','2023-07-28',0),(285,'ENGLISH BULWORTH','A Intrepid Epistle of a Pastry Chef And a Pastry Chef who must Pursue a Crocodile in Ancient China',1,3,'0.99',51,'18.99','PG-13','Deleted Scenes','2023-07-28',0),(286,'ENOUGH RAGING','A Astounding Character Study of a Boat And a Secret Agent who must Find a Mad Cow in The Sahara Desert',1,7,'2.99',158,'16.99','NC-17','Commentaries','2023-07-28',0),(287,'ENTRAPMENT SATISFACTION','A Thoughtful Panorama of a Hunter And a Teacher who must Reach a Mad Cow in A U-Boat',1,5,'0.99',176,'19.99','R','Commentaries,Deleted Scenes,Behind the Scenes','2023-07-28',0),(288,'ESCAPE METROPOLIS','A Taut Yarn of a Astronaut And a Technical Writer who must Outgun a Boat in New Orleans',1,7,'2.99',167,'20.99','R','Trailers','2023-07-28',0),(289,'EVE RESURRECTION','A Awe-Inspiring Yarn of a Pastry Chef And a Database Administrator who must Challenge a Teacher in A Baloon',1,5,'4.99',66,'25.99','G','Trailers,Commentaries,Deleted Scenes','2023-07-28',0),(290,'EVERYONE CRAFT','A Fateful Display of a Waitress And a Dentist who must Reach a Butler in Nigeria',1,4,'0.99',163,'29.99','PG','Trailers,Commentaries','2023-07-28',0),(291,'EVOLUTION ALTER','A Fanciful Character Study of a Feminist And a Madman who must Find a Explorer in A Baloon Factory',1,5,'0.99',174,'10.99','PG-13','Behind the Scenes','2023-07-28',0),(292,'EXCITEMENT EVE','A Brilliant Documentary of a Monkey And a Car who must Conquer a Crocodile in A Shark Tank',1,3,'0.99',51,'20.99','G','Commentaries','2023-07-28',0),(293,'EXORCIST STING','A Touching Drama of a Dog And a Sumo Wrestler who must Conquer a Mad Scientist in Berlin',1,6,'2.99',167,'17.99','G','Commentaries,Deleted Scenes,Behind the Scenes','2023-07-28',0),(294,'EXPECATIONS NATURAL','A Amazing Drama of a Butler And a Husband who must Reach a A Shark in A U-Boat',1,5,'4.99',138,'26.99','PG-13','Deleted Scenes','2023-07-28',0),(295,'EXPENDABLE STALLION','A Amazing Character Study of a Mad Cow And a Squirrel who must Discover a Hunter in A U-Boat',1,3,'0.99',97,'14.99','PG','Trailers,Behind the Scenes','2023-07-28',0),(296,'EXPRESS LONELY','A Boring Drama of a Astronaut And a Boat who must Face a Boat in California',1,5,'2.99',178,'23.99','R','Trailers','2023-07-28',0),(297,'EXTRAORDINARY CONQUERER','A Stunning Story of a Dog And a Feminist who must Face a Forensic Psychologist in Berlin',1,6,'2.99',122,'29.99','G','Trailers,Commentaries,Deleted Scenes','2023-07-28',0),(298,'EYES DRIVING','A Thrilling Story of a Cat And a Waitress who must Fight a Explorer in The Outback',1,4,'2.99',172,'13.99','PG-13','Trailers,Commentaries','2023-07-28',0),(299,'FACTORY DRAGON','A Action-Packed Saga of a Teacher And a Frisbee who must Escape a Lumberjack in The Sahara Desert',1,4,'0.99',144,'9.99','PG-13','Trailers,Commentaries,Deleted Scenes','2023-07-28',0),(300,'FALCON VOLUME','A Fateful Saga of a Sumo Wrestler And a Hunter who must Redeem a A Shark in New Orleans',1,5,'4.99',102,'21.99','PG-13','Commentaries,Behind the Scenes','2023-07-28',0),(301,'FAMILY SWEET','A Epic Documentary of a Teacher And a Boy who must Escape a Woman in Berlin',1,4,'0.99',155,'24.99','R','Trailers','2023-07-28',0),(302,'FANTASIA PARK','A Thoughtful Documentary of a Mad Scientist And a A Shark who must Outrace a Feminist in Australia',1,5,'2.99',131,'29.99','G','Commentaries','2023-07-28',0),(303,'FANTASY TROOPERS','A Touching Saga of a Teacher And a Monkey who must Overcome a Secret Agent in A MySQL Convention',1,6,'0.99',58,'27.99','PG-13','Behind the Scenes','2023-07-28',0),(304,'FARGO GANDHI','A Thrilling Reflection of a Pastry Chef And a Crocodile who must Reach a Teacher in The Outback',1,3,'2.99',130,'28.99','G','Deleted Scenes','2023-07-28',0),(305,'FATAL HAUNTED','A Beautiful Drama of a Student And a Secret Agent who must Confront a Dentist in Ancient Japan',1,6,'2.99',91,'24.99','PG','Trailers,Behind the Scenes','2023-07-28',0),(306,'FEATHERS METAL','A Thoughtful Yarn of a Monkey And a Teacher who must Find a Dog in Australia',1,3,'0.99',104,'12.99','PG-13','Trailers,Deleted Scenes','2023-07-28',0),(307,'FELLOWSHIP AUTUMN','A Lacklusture Reflection of a Dentist And a Hunter who must Meet a Teacher in A Baloon',1,6,'4.99',77,'9.99','NC-17','Deleted Scenes,Behind the Scenes','2023-07-28',0),(308,'FERRIS MOTHER','A Touching Display of a Frisbee And a Frisbee who must Kill a Girl in The Gulf of Mexico',1,3,'2.99',142,'13.99','PG','Trailers,Deleted Scenes,Behind the Scenes','2023-07-28',0),(309,'FEUD FROGMEN','A Brilliant Reflection of a Database Administrator And a Mad Cow who must Chase a Woman in The Canadian Rockies',1,6,'0.99',98,'29.99','R','Trailers,Commentaries,Deleted Scenes,Behind the Scenes','2023-07-28',0),(310,'FEVER EMPIRE','A Insightful Panorama of a Cat And a Boat who must Defeat a Boat in The Gulf of Mexico',1,5,'4.99',158,'20.99','R','Commentaries,Deleted Scenes','2023-07-28',0),(311,'FICTION CHRISTMAS','A Emotional Yarn of a A Shark And a Student who must Battle a Robot in An Abandoned Mine Shaft',1,4,'0.99',72,'14.99','PG','Trailers,Commentaries,Deleted Scenes,Behind the Scenes','2023-07-28',0),(312,'FIDDLER LOST','A Boring Tale of a Squirrel And a Dog who must Challenge a Madman in The Gulf of Mexico',1,4,'4.99',75,'20.99','R','Deleted Scenes,Behind the Scenes','2023-07-28',0),(313,'FIDELITY DEVIL','A Awe-Inspiring Drama of a Technical Writer And a Composer who must Reach a Pastry Chef in A U-Boat',1,5,'4.99',118,'11.99','G','Trailers,Deleted Scenes,Behind the Scenes','2023-07-28',0),(314,'FIGHT JAWBREAKER','A Intrepid Panorama of a Womanizer And a Girl who must Escape a Girl in A Manhattan Penthouse',1,3,'0.99',91,'13.99','R','Trailers,Commentaries,Deleted Scenes,Behind the Scenes','2023-07-28',0),(315,'FINDING ANACONDA','A Fateful Tale of a Database Administrator And a Girl who must Battle a Squirrel in New Orleans',1,4,'0.99',156,'10.99','R','Trailers,Commentaries','2023-07-28',0),(316,'FIRE WOLVES','A Intrepid Documentary of a Frisbee And a Dog who must Outrace a Lumberjack in Nigeria',1,5,'4.99',173,'18.99','R','Trailers','2023-07-28',0),(317,'FIREBALL PHILADELPHIA','A Amazing Yarn of a Dentist And a A Shark who must Vanquish a Madman in An Abandoned Mine Shaft',1,4,'0.99',148,'25.99','PG','Trailers,Commentaries,Behind the Scenes','2023-07-28',0),(318,'FIREHOUSE VIETNAM','A Awe-Inspiring Character Study of a Boat And a Boy who must Kill a Pastry Chef in The Sahara Desert',1,7,'0.99',103,'14.99','G','Commentaries,Deleted Scenes','2023-07-28',0),(319,'FISH OPUS','A Touching Display of a Feminist And a Girl who must Confront a Astronaut in Australia',1,4,'2.99',125,'22.99','R','Trailers,Deleted Scenes,Behind the Scenes','2023-07-28',0),(320,'FLAMINGOS CONNECTICUT','A Fast-Paced Reflection of a Composer And a Composer who must Meet a Cat in The Sahara Desert',1,4,'4.99',80,'28.99','PG-13','Trailers','2023-07-28',0),(321,'FLASH WARS','A Astounding Saga of a Moose And a Pastry Chef who must Chase a Student in The Gulf of Mexico',1,3,'4.99',123,'21.99','NC-17','Trailers,Commentaries,Behind the Scenes','2023-07-28',0),(322,'FLATLINERS KILLER','A Taut Display of a Secret Agent And a Waitress who must Sink a Robot in An Abandoned Mine Shaft',1,5,'2.99',100,'29.99','G','Trailers,Commentaries,Deleted Scenes','2023-07-28',0),(323,'FLIGHT LIES','A Stunning Character Study of a Crocodile And a Pioneer who must Pursue a Teacher in New Orleans',1,7,'4.99',179,'22.99','R','Trailers','2023-07-28',0),(324,'FLINTSTONES HAPPINESS','A Fateful Story of a Husband And a Moose who must Vanquish a Boy in California',1,3,'4.99',148,'11.99','PG-13','Trailers,Commentaries,Deleted Scenes,Behind the Scenes','2023-07-28',0),(325,'FLOATS GARDEN','A Action-Packed Epistle of a Robot And a Car who must Chase a Boat in Ancient Japan',1,6,'2.99',145,'29.99','PG-13','Trailers,Commentaries,Behind the Scenes','2023-07-28',0),(326,'FLYING HOOK','A Thrilling Display of a Mad Cow And a Dog who must Challenge a Frisbee in Nigeria',1,6,'2.99',69,'18.99','NC-17','Trailers,Commentaries,Behind the Scenes','2023-07-28',0),(327,'FOOL MOCKINGBIRD','A Lacklusture Tale of a Crocodile And a Composer who must Defeat a Madman in A U-Boat',1,3,'4.99',158,'24.99','PG','Trailers,Commentaries','2023-07-28',0),(328,'FOREVER CANDIDATE','A Unbelieveable Panorama of a Technical Writer And a Man who must Pursue a Frisbee in A U-Boat',1,7,'2.99',131,'28.99','NC-17','Commentaries,Deleted Scenes,Behind the Scenes','2023-07-28',0),(329,'FORREST SONS','A Thrilling Documentary of a Forensic Psychologist And a Butler who must Defeat a Explorer in A Jet Boat',1,4,'2.99',63,'15.99','R','Commentaries','2023-07-28',0),(330,'FORRESTER COMANCHEROS','A Fateful Tale of a Squirrel And a Forensic Psychologist who must Redeem a Man in Nigeria',1,7,'4.99',112,'22.99','NC-17','Trailers,Behind the Scenes','2023-07-28',0),(331,'FORWARD TEMPLE','A Astounding Display of a Forensic Psychologist And a Mad Scientist who must Challenge a Girl in New Orleans',1,6,'2.99',90,'25.99','NC-17','Trailers,Commentaries,Behind the Scenes','2023-07-28',0),(332,'FRANKENSTEIN STRANGER','A Insightful Character Study of a Feminist And a Pioneer who must Pursue a Pastry Chef in Nigeria',1,7,'0.99',159,'16.99','NC-17','Deleted Scenes,Behind the Scenes','2023-07-28',0),(333,'FREAKY POCUS','A Fast-Paced Documentary of a Pastry Chef And a Crocodile who must Chase a Squirrel in The Gulf of Mexico',1,7,'2.99',126,'16.99','R','Trailers,Behind the Scenes','2023-07-28',0),(334,'FREDDY STORM','A Intrepid Saga of a Man And a Lumberjack who must Vanquish a Husband in The Outback',1,6,'4.99',65,'21.99','NC-17','Trailers,Commentaries,Behind the Scenes','2023-07-28',0),(335,'FREEDOM CLEOPATRA','A Emotional Reflection of a Dentist And a Mad Cow who must Face a Squirrel in A Baloon',1,5,'0.99',133,'23.99','PG-13','Trailers,Commentaries,Behind the Scenes','2023-07-28',0),(336,'FRENCH HOLIDAY','A Thrilling Epistle of a Dog And a Feminist who must Kill a Madman in Berlin',1,5,'4.99',99,'22.99','PG','Behind the Scenes','2023-07-28',0),(337,'FRIDA SLIPPER','A Fateful Story of a Lumberjack And a Car who must Escape a Boat in An Abandoned Mine Shaft',1,6,'2.99',73,'11.99','R','Trailers,Deleted Scenes','2023-07-28',0),(338,'FRISCO FORREST','A Beautiful Documentary of a Woman And a Pioneer who must Pursue a Mad Scientist in A Shark Tank',1,6,'4.99',51,'23.99','PG','Commentaries,Deleted Scenes,Behind the Scenes','2023-07-28',0),(339,'FROGMEN BREAKING','A Unbelieveable Yarn of a Mad Scientist And a Cat who must Chase a Lumberjack in Australia',1,5,'0.99',111,'17.99','R','Trailers,Deleted Scenes,Behind the Scenes','2023-07-28',0),(340,'FRONTIER CABIN','A Emotional Story of a Madman And a Waitress who must Battle a Teacher in An Abandoned Fun House',1,6,'4.99',183,'14.99','PG-13','Commentaries,Deleted Scenes','2023-07-28',0),(341,'FROST HEAD','A Amazing Reflection of a Lumberjack And a Cat who must Discover a Husband in A MySQL Convention',1,5,'0.99',82,'13.99','PG','Trailers,Deleted Scenes','2023-07-28',0),(342,'FUGITIVE MAGUIRE','A Taut Epistle of a Feminist And a Sumo Wrestler who must Battle a Crocodile in Australia',1,7,'4.99',83,'28.99','R','Trailers,Commentaries,Deleted Scenes','2023-07-28',0),(343,'FULL FLATLINERS','A Beautiful Documentary of a Astronaut And a Moose who must Pursue a Monkey in A Shark Tank',1,6,'2.99',94,'14.99','PG','Trailers,Deleted Scenes','2023-07-28',0),(344,'FURY MURDER','A Lacklusture Reflection of a Boat And a Forensic Psychologist who must Fight a Waitress in A Monastery',1,3,'0.99',178,'28.99','PG-13','Deleted Scenes','2023-07-28',0),(345,'GABLES METROPOLIS','A Fateful Display of a Cat And a Pioneer who must Challenge a Pastry Chef in A Baloon Factory',1,3,'0.99',161,'17.99','PG','Trailers,Commentaries','2023-07-28',0),(346,'GALAXY SWEETHEARTS','A Emotional Reflection of a Womanizer And a Pioneer who must Face a Squirrel in Berlin',1,4,'4.99',128,'13.99','R','Deleted Scenes','2023-07-28',0),(347,'GAMES BOWFINGER','A Astounding Documentary of a Butler And a Explorer who must Challenge a Butler in A Monastery',1,7,'4.99',119,'17.99','PG-13','Behind the Scenes','2023-07-28',0),(348,'GANDHI KWAI','A Thoughtful Display of a Mad Scientist And a Secret Agent who must Chase a Boat in Berlin',1,7,'0.99',86,'9.99','PG-13','Trailers','2023-07-28',0),(349,'GANGS PRIDE','A Taut Character Study of a Woman And a A Shark who must Confront a Frisbee in Berlin',1,4,'2.99',185,'27.99','PG-13','Behind the Scenes','2023-07-28',0),(350,'GARDEN ISLAND','A Unbelieveable Character Study of a Womanizer And a Madman who must Reach a Man in The Outback',1,3,'4.99',80,'21.99','G','Trailers,Behind the Scenes','2023-07-28',0),(351,'GASLIGHT CRUSADE','A Amazing Epistle of a Boy And a Astronaut who must Redeem a Man in The Gulf of Mexico',1,4,'2.99',106,'10.99','PG','Trailers,Deleted Scenes','2023-07-28',0),(352,'GATHERING CALENDAR','A Intrepid Tale of a Pioneer And a Moose who must Conquer a Frisbee in A MySQL Convention',1,4,'0.99',176,'22.99','PG-13','Commentaries,Behind the Scenes','2023-07-28',0),(353,'GENTLEMEN STAGE','A Awe-Inspiring Reflection of a Monkey And a Student who must Overcome a Dentist in The First Manned Space Station',1,6,'2.99',125,'22.99','NC-17','Commentaries,Deleted Scenes','2023-07-28',0),(354,'GHOST GROUNDHOG','A Brilliant Panorama of a Madman And a Composer who must Succumb a Car in Ancient India',1,6,'4.99',85,'18.99','G','Trailers,Commentaries,Deleted Scenes,Behind the Scenes','2023-07-28',0),(355,'GHOSTBUSTERS ELF','A Thoughtful Epistle of a Dog And a Feminist who must Chase a Composer in Berlin',1,7,'0.99',101,'18.99','R','Trailers,Deleted Scenes,Behind the Scenes','2023-07-28',0),(356,'GIANT TROOPERS','A Fateful Display of a Feminist And a Monkey who must Vanquish a Monkey in The Canadian Rockies',1,5,'2.99',102,'10.99','R','Trailers,Commentaries','2023-07-28',0),(357,'GILBERT PELICAN','A Fateful Tale of a Man And a Feminist who must Conquer a Crocodile in A Manhattan Penthouse',1,7,'0.99',114,'13.99','G','Trailers,Commentaries','2023-07-28',0),(358,'GILMORE BOILED','A Unbelieveable Documentary of a Boat And a Husband who must Succumb a Student in A U-Boat',1,5,'0.99',163,'29.99','R','Trailers,Behind the Scenes','2023-07-28',0),(359,'GLADIATOR WESTWARD','A Astounding Reflection of a Squirrel And a Sumo Wrestler who must Sink a Dentist in Ancient Japan',1,6,'4.99',173,'20.99','PG','Commentaries,Deleted Scenes','2023-07-28',0),(360,'GLASS DYING','A Astounding Drama of a Frisbee And a Astronaut who must Fight a Dog in Ancient Japan',1,4,'0.99',103,'24.99','G','Trailers','2023-07-28',0),(361,'GLEAMING JAWBREAKER','A Amazing Display of a Composer And a Forensic Psychologist who must Discover a Car in The Canadian Rockies',1,5,'2.99',89,'25.99','NC-17','Trailers,Commentaries','2023-07-28',0),(362,'GLORY TRACY','A Amazing Saga of a Woman And a Womanizer who must Discover a Cat in The First Manned Space Station',1,7,'2.99',115,'13.99','PG-13','Trailers,Commentaries,Behind the Scenes','2023-07-28',0),(363,'GO PURPLE','A Fast-Paced Display of a Car And a Database Administrator who must Battle a Woman in A Baloon',1,3,'0.99',54,'12.99','R','Trailers','2023-07-28',0),(364,'GODFATHER DIARY','A Stunning Saga of a Lumberjack And a Squirrel who must Chase a Car in The Outback',1,3,'2.99',73,'14.99','NC-17','Trailers','2023-07-28',0),(365,'GOLD RIVER','A Taut Documentary of a Database Administrator And a Waitress who must Reach a Mad Scientist in A Baloon Factory',1,4,'4.99',154,'21.99','R','Trailers,Commentaries,Deleted Scenes,Behind the Scenes','2023-07-28',0),(366,'GOLDFINGER SENSIBILITY','A Insightful Drama of a Mad Scientist And a Hunter who must Defeat a Pastry Chef in New Orleans',1,3,'0.99',93,'29.99','G','Trailers,Commentaries,Behind the Scenes','2023-07-28',0),(367,'GOLDMINE TYCOON','A Brilliant Epistle of a Composer And a Frisbee who must Conquer a Husband in The Outback',1,6,'0.99',153,'20.99','R','Trailers,Behind the Scenes','2023-07-28',0),(368,'GONE TROUBLE','A Insightful Character Study of a Mad Cow And a Forensic Psychologist who must Conquer a A Shark in A Manhattan Penthouse',1,7,'2.99',84,'20.99','R','Deleted Scenes,Behind the Scenes','2023-07-28',0),(369,'GOODFELLAS SALUTE','A Unbelieveable Tale of a Dog And a Explorer who must Sink a Mad Cow in A Baloon Factory',1,4,'4.99',56,'22.99','PG','Deleted Scenes','2023-07-28',0),(370,'GORGEOUS BINGO','A Action-Packed Display of a Sumo Wrestler And a Car who must Overcome a Waitress in A Baloon Factory',1,4,'2.99',108,'26.99','R','Deleted Scenes,Behind the Scenes','2023-07-28',0),(371,'GOSFORD DONNIE','A Epic Panorama of a Mad Scientist And a Monkey who must Redeem a Secret Agent in Berlin',1,5,'4.99',129,'17.99','G','Commentaries','2023-07-28',0),(372,'GRACELAND DYNAMITE','A Taut Display of a Cat And a Girl who must Overcome a Database Administrator in New Orleans',1,5,'4.99',140,'26.99','R','Trailers,Commentaries','2023-07-28',0),(373,'GRADUATE LORD','A Lacklusture Epistle of a Girl And a A Shark who must Meet a Mad Scientist in Ancient China',1,7,'2.99',156,'14.99','G','Trailers,Behind the Scenes','2023-07-28',0),(374,'GRAFFITI LOVE','A Unbelieveable Epistle of a Sumo Wrestler And a Hunter who must Build a Composer in Berlin',1,3,'0.99',117,'29.99','PG','Trailers,Deleted Scenes','2023-07-28',0),(375,'GRAIL FRANKENSTEIN','A Unbelieveable Saga of a Teacher And a Monkey who must Fight a Girl in An Abandoned Mine Shaft',1,4,'2.99',85,'17.99','NC-17','Commentaries,Deleted Scenes,Behind the Scenes','2023-07-28',0),(376,'GRAPES FURY','A Boring Yarn of a Mad Cow And a Sumo Wrestler who must Meet a Robot in Australia',1,4,'0.99',155,'20.99','G','Commentaries,Behind the Scenes','2023-07-28',0),(377,'GREASE YOUTH','A Emotional Panorama of a Secret Agent And a Waitress who must Escape a Composer in Soviet Georgia',1,7,'0.99',135,'20.99','G','Trailers,Deleted Scenes','2023-07-28',0),(378,'GREATEST NORTH','A Astounding Character Study of a Secret Agent And a Robot who must Build a A Shark in Berlin',1,5,'2.99',93,'24.99','NC-17','Trailers,Commentaries,Behind the Scenes','2023-07-28',0),(379,'GREEDY ROOTS','A Amazing Reflection of a A Shark And a Butler who must Chase a Hunter in The Canadian Rockies',1,7,'0.99',166,'14.99','R','Trailers,Commentaries,Deleted Scenes','2023-07-28',0),(380,'GREEK EVERYONE','A Stunning Display of a Butler And a Teacher who must Confront a A Shark in The First Manned Space Station',1,7,'2.99',176,'11.99','PG','Trailers,Deleted Scenes','2023-07-28',0),(381,'GRINCH MASSAGE','A Intrepid Display of a Madman And a Feminist who must Pursue a Pioneer in The First Manned Space Station',1,7,'4.99',150,'25.99','R','Trailers','2023-07-28',0),(382,'GRIT CLOCKWORK','A Thoughtful Display of a Dentist And a Squirrel who must Confront a Lumberjack in A Shark Tank',1,3,'0.99',137,'21.99','PG','Trailers,Deleted Scenes','2023-07-28',0),(383,'GROOVE FICTION','A Unbelieveable Reflection of a Moose And a A Shark who must Defeat a Lumberjack in An Abandoned Mine Shaft',1,6,'0.99',111,'13.99','NC-17','Behind the Scenes','2023-07-28',0),(384,'GROSSE WONDERFUL','A Epic Drama of a Cat And a Explorer who must Redeem a Moose in Australia',1,5,'4.99',49,'19.99','R','Behind the Scenes','2023-07-28',0),(385,'GROUNDHOG UNCUT','A Brilliant Panorama of a Astronaut And a Technical Writer who must Discover a Butler in A Manhattan Penthouse',1,6,'4.99',139,'26.99','PG-13','Trailers,Commentaries,Deleted Scenes,Behind the Scenes','2023-07-28',0),(386,'GUMP DATE','A Intrepid Yarn of a Explorer And a Student who must Kill a Husband in An Abandoned Mine Shaft',1,3,'4.99',53,'12.99','NC-17','Deleted Scenes','2023-07-28',0),(387,'GUN BONNIE','A Boring Display of a Sumo Wrestler And a Husband who must Build a Waitress in The Gulf of Mexico',1,7,'0.99',100,'27.99','G','Behind the Scenes','2023-07-28',0),(388,'GUNFIGHT MOON','A Epic Reflection of a Pastry Chef And a Explorer who must Reach a Dentist in The Sahara Desert',1,5,'0.99',70,'16.99','NC-17','Deleted Scenes,Behind the Scenes','2023-07-28',0),(389,'GUNFIGHTER MUSSOLINI','A Touching Saga of a Robot And a Boy who must Kill a Man in Ancient Japan',1,3,'2.99',127,'9.99','PG-13','Trailers,Commentaries','2023-07-28',0),(390,'GUYS FALCON','A Boring Story of a Woman And a Feminist who must Redeem a Squirrel in A U-Boat',1,4,'4.99',84,'20.99','R','Trailers,Commentaries,Behind the Scenes','2023-07-28',0),(391,'HALF OUTFIELD','A Epic Epistle of a Database Administrator And a Crocodile who must Face a Madman in A Jet Boat',1,6,'2.99',146,'25.99','PG-13','Trailers,Commentaries,Deleted Scenes,Behind the Scenes','2023-07-28',0),(392,'HALL CASSIDY','A Beautiful Panorama of a Pastry Chef And a A Shark who must Battle a Pioneer in Soviet Georgia',1,5,'4.99',51,'13.99','NC-17','Commentaries,Behind the Scenes','2023-07-28',0),(393,'HALLOWEEN NUTS','A Amazing Panorama of a Forensic Psychologist And a Technical Writer who must Fight a Dentist in A U-Boat',1,6,'2.99',47,'19.99','PG-13','Deleted Scenes','2023-07-28',0),(394,'HAMLET WISDOM','A Touching Reflection of a Man And a Man who must Sink a Robot in The Outback',1,7,'2.99',146,'21.99','R','Trailers,Deleted Scenes','2023-07-28',0),(395,'HANDICAP BOONDOCK','A Beautiful Display of a Pioneer And a Squirrel who must Vanquish a Sumo Wrestler in Soviet Georgia',1,4,'0.99',108,'28.99','R','Commentaries,Deleted Scenes,Behind the Scenes','2023-07-28',0),(396,'HANGING DEEP','A Action-Packed Yarn of a Boat And a Crocodile who must Build a Monkey in Berlin',1,5,'4.99',62,'18.99','G','Trailers,Commentaries,Deleted Scenes','2023-07-28',0),(397,'HANKY OCTOBER','A Boring Epistle of a Database Administrator And a Explorer who must Pursue a Madman in Soviet Georgia',1,5,'2.99',107,'26.99','NC-17','Trailers,Commentaries,Deleted Scenes','2023-07-28',0),(398,'HANOVER GALAXY','A Stunning Reflection of a Girl And a Secret Agent who must Succumb a Boy in A MySQL Convention',1,5,'4.99',47,'21.99','NC-17','Commentaries,Deleted Scenes,Behind the Scenes','2023-07-28',0),(399,'HAPPINESS UNITED','A Action-Packed Panorama of a Husband And a Feminist who must Meet a Forensic Psychologist in Ancient Japan',1,6,'2.99',100,'23.99','G','Deleted Scenes','2023-07-28',0),(400,'HARDLY ROBBERS','A Emotional Character Study of a Hunter And a Car who must Kill a Woman in Berlin',1,7,'2.99',72,'15.99','R','Trailers,Behind the Scenes','2023-07-28',0),(401,'HAROLD FRENCH','A Stunning Saga of a Sumo Wrestler And a Student who must Outrace a Moose in The Sahara Desert',1,6,'0.99',168,'10.99','NC-17','Commentaries,Deleted Scenes,Behind the Scenes','2023-07-28',0),(402,'HARPER DYING','A Awe-Inspiring Reflection of a Woman And a Cat who must Confront a Feminist in The Sahara Desert',1,3,'0.99',52,'15.99','G','Trailers','2023-07-28',0),(403,'HARRY IDAHO','A Taut Yarn of a Technical Writer And a Feminist who must Outrace a Dog in California',1,5,'4.99',121,'18.99','PG-13','Commentaries,Deleted Scenes','2023-07-28',0),(404,'HATE HANDICAP','A Intrepid Reflection of a Mad Scientist And a Pioneer who must Overcome a Hunter in The First Manned Space Station',1,4,'0.99',107,'26.99','PG','Trailers,Commentaries,Behind the Scenes','2023-07-28',0),(405,'HAUNTED ANTITRUST','A Amazing Saga of a Man And a Dentist who must Reach a Technical Writer in Ancient India',1,6,'4.99',76,'13.99','NC-17','Trailers,Deleted Scenes','2023-07-28',0),(406,'HAUNTING PIANIST','A Fast-Paced Story of a Database Administrator And a Composer who must Defeat a Squirrel in An Abandoned Amusement Park',1,5,'0.99',181,'22.99','R','Behind the Scenes','2023-07-28',0),(407,'HAWK CHILL','A Action-Packed Drama of a Mad Scientist And a Composer who must Outgun a Car in Australia',1,5,'0.99',47,'12.99','PG-13','Behind the Scenes','2023-07-28',0),(408,'HEAD STRANGER','A Thoughtful Saga of a Hunter And a Crocodile who must Confront a Dog in The Gulf of Mexico',1,4,'4.99',69,'28.99','R','Trailers,Commentaries','2023-07-28',0),(409,'HEARTBREAKERS BRIGHT','A Awe-Inspiring Documentary of a A Shark And a Dentist who must Outrace a Pastry Chef in The Canadian Rockies',1,3,'4.99',59,'9.99','G','Trailers,Deleted Scenes','2023-07-28',0),(410,'HEAVEN FREEDOM','A Intrepid Story of a Butler And a Car who must Vanquish a Man in New Orleans',1,7,'2.99',48,'19.99','PG','Commentaries','2023-07-28',0),(411,'HEAVENLY GUN','A Beautiful Yarn of a Forensic Psychologist And a Frisbee who must Battle a Moose in A Jet Boat',1,5,'4.99',49,'13.99','NC-17','Behind the Scenes','2023-07-28',0),(412,'HEAVYWEIGHTS BEAST','A Unbelieveable Story of a Composer And a Dog who must Overcome a Womanizer in An Abandoned Amusement Park',1,6,'4.99',102,'25.99','G','Deleted Scenes','2023-07-28',0),(413,'HEDWIG ALTER','A Action-Packed Yarn of a Womanizer And a Lumberjack who must Chase a Sumo Wrestler in A Monastery',1,7,'2.99',169,'16.99','NC-17','Trailers,Commentaries,Behind the Scenes','2023-07-28',0),(414,'HELLFIGHTERS SIERRA','A Taut Reflection of a A Shark And a Dentist who must Battle a Boat in Soviet Georgia',1,3,'2.99',75,'23.99','PG','Deleted Scenes,Behind the Scenes','2023-07-28',0),(415,'HIGH ENCINO','A Fateful Saga of a Waitress And a Hunter who must Outrace a Sumo Wrestler in Australia',1,3,'2.99',84,'23.99','R','Trailers,Commentaries,Behind the Scenes','2023-07-28',0),(416,'HIGHBALL POTTER','A Action-Packed Saga of a Husband And a Dog who must Redeem a Database Administrator in The Sahara Desert',1,6,'0.99',110,'10.99','R','Deleted Scenes','2023-07-28',0),(417,'HILLS NEIGHBORS','A Epic Display of a Hunter And a Feminist who must Sink a Car in A U-Boat',1,5,'0.99',93,'29.99','G','Trailers,Commentaries,Deleted Scenes,Behind the Scenes','2023-07-28',0),(418,'HOBBIT ALIEN','A Emotional Drama of a Husband And a Girl who must Outgun a Composer in The First Manned Space Station',1,5,'0.99',157,'27.99','PG-13','Commentaries','2023-07-28',0),(419,'HOCUS FRIDA','A Awe-Inspiring Tale of a Girl And a Madman who must Outgun a Student in A Shark Tank',1,4,'2.99',141,'19.99','G','Trailers,Deleted Scenes,Behind the Scenes','2023-07-28',0),(420,'HOLES BRANNIGAN','A Fast-Paced Reflection of a Technical Writer And a Student who must Fight a Boy in The Canadian Rockies',1,7,'4.99',128,'27.99','PG','Commentaries,Behind the Scenes','2023-07-28',0),(421,'HOLIDAY GAMES','A Insightful Reflection of a Waitress And a Madman who must Pursue a Boy in Ancient Japan',1,7,'4.99',78,'10.99','PG-13','Trailers,Commentaries,Behind the Scenes','2023-07-28',0),(422,'HOLLOW JEOPARDY','A Beautiful Character Study of a Robot And a Astronaut who must Overcome a Boat in A Monastery',1,7,'4.99',136,'25.99','NC-17','Behind the Scenes','2023-07-28',0),(423,'HOLLYWOOD ANONYMOUS','A Fast-Paced Epistle of a Boy And a Explorer who must Escape a Dog in A U-Boat',1,7,'0.99',69,'29.99','PG','Trailers,Behind the Scenes','2023-07-28',0),(424,'HOLOCAUST HIGHBALL','A Awe-Inspiring Yarn of a Composer And a Man who must Find a Robot in Soviet Georgia',1,6,'0.99',149,'12.99','R','Deleted Scenes','2023-07-28',0),(425,'HOLY TADPOLE','A Action-Packed Display of a Feminist And a Pioneer who must Pursue a Dog in A Baloon Factory',1,6,'0.99',88,'20.99','R','Behind the Scenes','2023-07-28',0),(426,'HOME PITY','A Touching Panorama of a Man And a Secret Agent who must Challenge a Teacher in A MySQL Convention',1,7,'4.99',185,'15.99','R','Trailers,Commentaries,Behind the Scenes','2023-07-28',0),(427,'HOMEWARD CIDER','A Taut Reflection of a Astronaut And a Squirrel who must Fight a Squirrel in A Manhattan Penthouse',1,5,'0.99',103,'19.99','R','Trailers','2023-07-28',0),(428,'HOMICIDE PEACH','A Astounding Documentary of a Hunter And a Boy who must Confront a Boy in A MySQL Convention',1,6,'2.99',141,'21.99','PG-13','Commentaries','2023-07-28',0),(429,'HONEY TIES','A Taut Story of a Waitress And a Crocodile who must Outrace a Lumberjack in A Shark Tank',1,3,'0.99',84,'29.99','R','Trailers,Commentaries,Deleted Scenes','2023-07-28',0),(430,'HOOK CHARIOTS','A Insightful Story of a Boy And a Dog who must Redeem a Boy in Australia',1,7,'0.99',49,'23.99','G','Trailers,Commentaries,Behind the Scenes','2023-07-28',0),(431,'HOOSIERS BIRDCAGE','A Astounding Display of a Explorer And a Boat who must Vanquish a Car in The First Manned Space Station',1,3,'2.99',176,'12.99','G','Trailers,Commentaries,Deleted Scenes','2023-07-28',0),(432,'HOPE TOOTSIE','A Amazing Documentary of a Student And a Sumo Wrestler who must Outgun a A Shark in A Shark Tank',1,4,'2.99',139,'22.99','NC-17','Trailers,Deleted Scenes,Behind the Scenes','2023-07-28',0),(433,'HORN WORKING','A Stunning Display of a Mad Scientist And a Technical Writer who must Succumb a Monkey in A Shark Tank',1,4,'2.99',95,'23.99','PG','Trailers','2023-07-28',0),(434,'HORROR REIGN','A Touching Documentary of a A Shark And a Car who must Build a Husband in Nigeria',1,3,'0.99',139,'25.99','R','Deleted Scenes,Behind the Scenes','2023-07-28',0),(435,'HOTEL HAPPINESS','A Thrilling Yarn of a Pastry Chef And a A Shark who must Challenge a Mad Scientist in The Outback',1,6,'4.99',181,'28.99','PG-13','Behind the Scenes','2023-07-28',0),(436,'HOURS RAGE','A Fateful Story of a Explorer And a Feminist who must Meet a Technical Writer in Soviet Georgia',1,4,'0.99',122,'14.99','NC-17','Trailers,Deleted Scenes','2023-07-28',0),(437,'HOUSE DYNAMITE','A Taut Story of a Pioneer And a Squirrel who must Battle a Student in Soviet Georgia',1,7,'2.99',109,'13.99','R','Commentaries,Deleted Scenes,Behind the Scenes','2023-07-28',0),(438,'HUMAN GRAFFITI','A Beautiful Reflection of a Womanizer And a Sumo Wrestler who must Chase a Database Administrator in The Gulf of Mexico',1,3,'2.99',68,'22.99','NC-17','Trailers,Behind the Scenes','2023-07-28',0),(439,'HUNCHBACK IMPOSSIBLE','A Touching Yarn of a Frisbee And a Dentist who must Fight a Composer in Ancient Japan',1,4,'4.99',151,'28.99','PG-13','Trailers,Deleted Scenes','2023-07-28',0),(440,'HUNGER ROOF','A Unbelieveable Yarn of a Student And a Database Administrator who must Outgun a Husband in An Abandoned Mine Shaft',1,6,'0.99',105,'21.99','G','Deleted Scenes,Behind the Scenes','2023-07-28',0),(441,'HUNTER ALTER','A Emotional Drama of a Mad Cow And a Boat who must Redeem a Secret Agent in A Shark Tank',1,5,'2.99',125,'21.99','PG-13','Commentaries,Deleted Scenes,Behind the Scenes','2023-07-28',0),(442,'HUNTING MUSKETEERS','A Thrilling Reflection of a Pioneer And a Dentist who must Outrace a Womanizer in An Abandoned Mine Shaft',1,6,'2.99',65,'24.99','NC-17','Trailers,Deleted Scenes','2023-07-28',0),(443,'HURRICANE AFFAIR','A Lacklusture Epistle of a Database Administrator And a Woman who must Meet a Hunter in An Abandoned Mine Shaft',1,6,'2.99',49,'11.99','PG','Trailers,Commentaries,Behind the Scenes','2023-07-28',0),(444,'HUSTLER PARTY','A Emotional Reflection of a Sumo Wrestler And a Monkey who must Conquer a Robot in The Sahara Desert',1,3,'4.99',83,'22.99','NC-17','Trailers,Commentaries,Behind the Scenes','2023-07-28',0),(445,'HYDE DOCTOR','A Fanciful Documentary of a Boy And a Woman who must Redeem a Womanizer in A Jet Boat',1,5,'2.99',100,'11.99','G','Trailers,Deleted Scenes','2023-07-28',0),(446,'HYSTERICAL GRAIL','A Amazing Saga of a Madman And a Dentist who must Build a Car in A Manhattan Penthouse',1,5,'4.99',150,'19.99','PG','Trailers,Commentaries,Deleted Scenes','2023-07-28',0),(447,'ICE CROSSING','A Fast-Paced Tale of a Butler And a Moose who must Overcome a Pioneer in A Manhattan Penthouse',1,5,'2.99',131,'28.99','R','Deleted Scenes','2023-07-28',0),(448,'IDAHO LOVE','A Fast-Paced Drama of a Student And a Crocodile who must Meet a Database Administrator in The Outback',1,3,'2.99',172,'25.99','PG-13','Trailers,Commentaries,Deleted Scenes,Behind the Scenes','2023-07-28',0),(449,'IDENTITY LOVER','A Boring Tale of a Composer And a Mad Cow who must Defeat a Car in The Outback',1,4,'2.99',119,'12.99','PG-13','Deleted Scenes','2023-07-28',0),(450,'IDOLS SNATCHERS','A Insightful Drama of a Car And a Composer who must Fight a Man in A Monastery',1,5,'2.99',84,'29.99','NC-17','Trailers','2023-07-28',0),(451,'IGBY MAKER','A Epic Documentary of a Hunter And a Dog who must Outgun a Dog in A Baloon Factory',1,7,'4.99',160,'12.99','NC-17','Trailers,Behind the Scenes','2023-07-28',0),(452,'ILLUSION AMELIE','A Emotional Epistle of a Boat And a Mad Scientist who must Outrace a Robot in An Abandoned Mine Shaft',1,4,'0.99',122,'15.99','R','Commentaries,Behind the Scenes','2023-07-28',0),(453,'IMAGE PRINCESS','A Lacklusture Panorama of a Secret Agent And a Crocodile who must Discover a Madman in The Canadian Rockies',1,3,'2.99',178,'17.99','PG-13','Trailers,Commentaries,Deleted Scenes','2023-07-28',0),(454,'IMPACT ALADDIN','A Epic Character Study of a Frisbee And a Moose who must Outgun a Technical Writer in A Shark Tank',1,6,'0.99',180,'20.99','PG-13','Trailers,Deleted Scenes','2023-07-28',0),(455,'IMPOSSIBLE PREJUDICE','A Awe-Inspiring Yarn of a Monkey And a Hunter who must Chase a Teacher in Ancient China',1,7,'4.99',103,'11.99','NC-17','Deleted Scenes','2023-07-28',0),(456,'INCH JET','A Fateful Saga of a Womanizer And a Student who must Defeat a Butler in A Monastery',1,6,'4.99',167,'18.99','NC-17','Deleted Scenes','2023-07-28',0),(457,'INDEPENDENCE HOTEL','A Thrilling Tale of a Technical Writer And a Boy who must Face a Pioneer in A Monastery',1,5,'0.99',157,'21.99','NC-17','Trailers,Behind the Scenes','2023-07-28',0),(458,'INDIAN LOVE','A Insightful Saga of a Mad Scientist And a Mad Scientist who must Kill a Astronaut in An Abandoned Fun House',1,4,'0.99',135,'26.99','NC-17','Trailers,Commentaries,Deleted Scenes,Behind the Scenes','2023-07-28',0),(459,'INFORMER DOUBLE','A Action-Packed Display of a Woman And a Dentist who must Redeem a Forensic Psychologist in The Canadian Rockies',1,4,'4.99',74,'23.99','NC-17','Trailers,Commentaries','2023-07-28',0),(460,'INNOCENT USUAL','A Beautiful Drama of a Pioneer And a Crocodile who must Challenge a Student in The Outback',1,3,'4.99',178,'26.99','PG-13','Trailers,Deleted Scenes,Behind the Scenes','2023-07-28',0),(461,'INSECTS STONE','A Epic Display of a Butler And a Dog who must Vanquish a Crocodile in A Manhattan Penthouse',1,3,'0.99',123,'14.99','NC-17','Trailers,Commentaries,Behind the Scenes','2023-07-28',0),(462,'INSIDER ARIZONA','A Astounding Saga of a Mad Scientist And a Hunter who must Pursue a Robot in A Baloon Factory',1,5,'2.99',78,'17.99','NC-17','Commentaries','2023-07-28',0),(463,'INSTINCT AIRPORT','A Touching Documentary of a Mad Cow And a Explorer who must Confront a Butler in A Manhattan Penthouse',1,4,'2.99',116,'21.99','PG','Commentaries,Deleted Scenes','2023-07-28',0),(464,'INTENTIONS EMPIRE','A Astounding Epistle of a Cat And a Cat who must Conquer a Mad Cow in A U-Boat',1,3,'2.99',107,'13.99','PG-13','Trailers,Behind the Scenes','2023-07-28',0),(465,'INTERVIEW LIAISONS','A Action-Packed Reflection of a Student And a Butler who must Discover a Database Administrator in A Manhattan Penthouse',1,4,'4.99',59,'17.99','R','Commentaries,Behind the Scenes','2023-07-28',0),(466,'INTOLERABLE INTENTIONS','A Awe-Inspiring Story of a Monkey And a Pastry Chef who must Succumb a Womanizer in A MySQL Convention',1,6,'4.99',63,'20.99','PG-13','Commentaries,Behind the Scenes','2023-07-28',0),(467,'INTRIGUE WORST','A Fanciful Character Study of a Explorer And a Mad Scientist who must Vanquish a Squirrel in A Jet Boat',1,6,'0.99',181,'10.99','G','Deleted Scenes','2023-07-28',0),(468,'INVASION CYCLONE','A Lacklusture Character Study of a Mad Scientist And a Womanizer who must Outrace a Explorer in A Monastery',1,5,'2.99',97,'12.99','PG','Trailers,Deleted Scenes','2023-07-28',0),(469,'IRON MOON','A Fast-Paced Documentary of a Mad Cow And a Boy who must Pursue a Dentist in A Baloon',1,7,'4.99',46,'27.99','PG','Commentaries,Behind the Scenes','2023-07-28',0),(470,'ISHTAR ROCKETEER','A Astounding Saga of a Dog And a Squirrel who must Conquer a Dog in An Abandoned Fun House',1,4,'4.99',79,'24.99','R','Trailers,Commentaries,Deleted Scenes','2023-07-28',0),(471,'ISLAND EXORCIST','A Fanciful Panorama of a Technical Writer And a Boy who must Find a Dentist in An Abandoned Fun House',1,7,'2.99',84,'23.99','NC-17','Trailers,Commentaries','2023-07-28',0),(472,'ITALIAN AFRICAN','A Astounding Character Study of a Monkey And a Moose who must Outgun a Cat in A U-Boat',1,3,'4.99',174,'24.99','G','Trailers,Commentaries,Deleted Scenes','2023-07-28',0),(473,'JACKET FRISCO','A Insightful Reflection of a Womanizer And a Husband who must Conquer a Pastry Chef in A Baloon',1,5,'2.99',181,'16.99','PG-13','Trailers,Deleted Scenes,Behind the Scenes','2023-07-28',0),(474,'JADE BUNCH','A Insightful Panorama of a Squirrel And a Mad Cow who must Confront a Student in The First Manned Space Station',1,6,'2.99',174,'21.99','NC-17','Trailers,Commentaries,Behind the Scenes','2023-07-28',0),(475,'JAPANESE RUN','A Awe-Inspiring Epistle of a Feminist And a Girl who must Sink a Girl in The Outback',1,6,'0.99',135,'29.99','G','Deleted Scenes','2023-07-28',0),(476,'JASON TRAP','A Thoughtful Tale of a Woman And a A Shark who must Conquer a Dog in A Monastery',1,5,'2.99',130,'9.99','NC-17','Trailers,Deleted Scenes,Behind the Scenes','2023-07-28',0),(477,'JAWBREAKER BROOKLYN','A Stunning Reflection of a Boat And a Pastry Chef who must Succumb a A Shark in A Jet Boat',1,5,'0.99',118,'15.99','PG','Trailers,Behind the Scenes','2023-07-28',0),(478,'JAWS HARRY','A Thrilling Display of a Database Administrator And a Monkey who must Overcome a Dog in An Abandoned Fun House',1,4,'2.99',112,'10.99','G','Deleted Scenes','2023-07-28',0),(479,'JEDI BENEATH','A Astounding Reflection of a Explorer And a Dentist who must Pursue a Student in Nigeria',1,7,'0.99',128,'12.99','PG','Trailers,Commentaries,Deleted Scenes','2023-07-28',0),(480,'JEEPERS WEDDING','A Astounding Display of a Composer And a Dog who must Kill a Pastry Chef in Soviet Georgia',1,3,'2.99',84,'29.99','R','Trailers,Commentaries,Deleted Scenes','2023-07-28',0),(481,'JEKYLL FROGMEN','A Fanciful Epistle of a Student And a Astronaut who must Kill a Waitress in A Shark Tank',1,4,'2.99',58,'22.99','PG','Commentaries,Deleted Scenes,Behind the Scenes','2023-07-28',0),(482,'JEOPARDY ENCINO','A Boring Panorama of a Man And a Mad Cow who must Face a Explorer in Ancient India',1,3,'0.99',102,'12.99','R','Trailers,Commentaries','2023-07-28',0),(483,'JERICHO MULAN','A Amazing Yarn of a Hunter And a Butler who must Defeat a Boy in A Jet Boat',1,3,'2.99',171,'29.99','NC-17','Commentaries','2023-07-28',0),(484,'JERK PAYCHECK','A Touching Character Study of a Pastry Chef And a Database Administrator who must Reach a A Shark in Ancient Japan',1,3,'2.99',172,'13.99','NC-17','Trailers,Commentaries,Deleted Scenes,Behind the Scenes','2023-07-28',0),(485,'JERSEY SASSY','A Lacklusture Documentary of a Madman And a Mad Cow who must Find a Feminist in Ancient Japan',1,6,'4.99',60,'16.99','PG','Deleted Scenes,Behind the Scenes','2023-07-28',0),(486,'JET NEIGHBORS','A Amazing Display of a Lumberjack And a Teacher who must Outrace a Woman in A U-Boat',1,7,'4.99',59,'14.99','R','Trailers,Commentaries,Behind the Scenes','2023-07-28',0),(487,'JINGLE SAGEBRUSH','A Epic Character Study of a Feminist And a Student who must Meet a Woman in A Baloon',1,6,'4.99',124,'29.99','PG-13','Trailers,Commentaries','2023-07-28',0),(488,'JOON NORTHWEST','A Thrilling Panorama of a Technical Writer And a Car who must Discover a Forensic Psychologist in A Shark Tank',1,3,'0.99',105,'23.99','NC-17','Trailers,Commentaries,Behind the Scenes','2023-07-28',0),(489,'JUGGLER HARDLY','A Epic Story of a Mad Cow And a Astronaut who must Challenge a Car in California',1,4,'0.99',54,'14.99','PG-13','Trailers,Commentaries','2023-07-28',0),(490,'JUMANJI BLADE','A Intrepid Yarn of a Husband And a Womanizer who must Pursue a Mad Scientist in New Orleans',1,4,'2.99',121,'13.99','G','Commentaries,Behind the Scenes','2023-07-28',0),(491,'JUMPING WRATH','A Touching Epistle of a Monkey And a Feminist who must Discover a Boat in Berlin',1,4,'0.99',74,'18.99','NC-17','Commentaries,Behind the Scenes','2023-07-28',0),(492,'JUNGLE CLOSER','A Boring Character Study of a Boy And a Woman who must Battle a Astronaut in Australia',1,6,'0.99',134,'11.99','NC-17','Trailers,Commentaries,Deleted Scenes','2023-07-28',0),(493,'KANE EXORCIST','A Epic Documentary of a Composer And a Robot who must Overcome a Car in Berlin',1,5,'0.99',92,'18.99','R','Trailers,Commentaries','2023-07-28',0),(494,'KARATE MOON','A Astounding Yarn of a Womanizer And a Dog who must Reach a Waitress in A MySQL Convention',1,4,'0.99',120,'21.99','PG-13','Behind the Scenes','2023-07-28',0),(495,'KENTUCKIAN GIANT','A Stunning Yarn of a Woman And a Frisbee who must Escape a Waitress in A U-Boat',1,5,'2.99',169,'10.99','PG','Trailers,Commentaries,Deleted Scenes,Behind the Scenes','2023-07-28',0),(496,'KICK SAVANNAH','A Emotional Drama of a Monkey And a Robot who must Defeat a Monkey in New Orleans',1,3,'0.99',179,'10.99','PG-13','Trailers,Commentaries,Deleted Scenes','2023-07-28',0),(497,'KILL BROTHERHOOD','A Touching Display of a Hunter And a Secret Agent who must Redeem a Husband in The Outback',1,4,'0.99',54,'15.99','G','Trailers,Commentaries','2023-07-28',0),(498,'KILLER INNOCENT','A Fanciful Character Study of a Student And a Explorer who must Succumb a Composer in An Abandoned Mine Shaft',1,7,'2.99',161,'11.99','R','Trailers,Commentaries,Deleted Scenes','2023-07-28',0),(499,'KING EVOLUTION','A Action-Packed Tale of a Boy And a Lumberjack who must Chase a Madman in A Baloon',1,3,'4.99',184,'24.99','NC-17','Trailers,Deleted Scenes,Behind the Scenes','2023-07-28',0),(500,'KISS GLORY','A Lacklusture Reflection of a Girl And a Husband who must Find a Robot in The Canadian Rockies',1,5,'4.99',163,'11.99','PG-13','Trailers,Commentaries,Behind the Scenes','2023-07-28',0),(501,'KISSING DOLLS','A Insightful Reflection of a Pioneer And a Teacher who must Build a Composer in The First Manned Space Station',1,3,'4.99',141,'9.99','R','Trailers','2023-07-28',0),(502,'KNOCK WARLOCK','A Unbelieveable Story of a Teacher And a Boat who must Confront a Moose in A Baloon',1,4,'2.99',71,'21.99','PG-13','Trailers','2023-07-28',0),(503,'KRAMER CHOCOLATE','A Amazing Yarn of a Robot And a Pastry Chef who must Redeem a Mad Scientist in The Outback',1,3,'2.99',171,'24.99','R','Trailers','2023-07-28',0),(504,'KWAI HOMEWARD','A Amazing Drama of a Car And a Squirrel who must Pursue a Car in Soviet Georgia',1,5,'0.99',46,'25.99','PG-13','Trailers,Commentaries','2023-07-28',0),(505,'LABYRINTH LEAGUE','A Awe-Inspiring Saga of a Composer And a Frisbee who must Succumb a Pioneer in The Sahara Desert',1,6,'2.99',46,'24.99','PG-13','Commentaries,Behind the Scenes','2023-07-28',0),(506,'LADY STAGE','A Beautiful Character Study of a Woman And a Man who must Pursue a Explorer in A U-Boat',1,4,'4.99',67,'14.99','PG','Trailers,Deleted Scenes,Behind the Scenes','2023-07-28',0),(507,'LADYBUGS ARMAGEDDON','A Fateful Reflection of a Dog And a Mad Scientist who must Meet a Mad Scientist in New Orleans',1,4,'0.99',113,'13.99','NC-17','Deleted Scenes','2023-07-28',0),(508,'LAMBS CINCINATTI','A Insightful Story of a Man And a Feminist who must Fight a Composer in Australia',1,6,'4.99',144,'18.99','PG-13','Trailers,Behind the Scenes','2023-07-28',0),(509,'LANGUAGE COWBOY','A Epic Yarn of a Cat And a Madman who must Vanquish a Dentist in An Abandoned Amusement Park',1,5,'0.99',78,'26.99','NC-17','Trailers,Deleted Scenes','2023-07-28',0),(510,'LAWLESS VISION','A Insightful Yarn of a Boy And a Sumo Wrestler who must Outgun a Car in The Outback',1,6,'4.99',181,'29.99','G','Deleted Scenes,Behind the Scenes','2023-07-28',0),(511,'LAWRENCE LOVE','A Fanciful Yarn of a Database Administrator And a Mad Cow who must Pursue a Womanizer in Berlin',1,7,'0.99',175,'23.99','NC-17','Commentaries,Deleted Scenes,Behind the Scenes','2023-07-28',0),(512,'LEAGUE HELLFIGHTERS','A Thoughtful Saga of a A Shark And a Monkey who must Outgun a Student in Ancient China',1,5,'4.99',110,'25.99','PG-13','Trailers','2023-07-28',0),(513,'LEATHERNECKS DWARFS','A Fateful Reflection of a Dog And a Mad Cow who must Outrace a Teacher in An Abandoned Mine Shaft',1,6,'2.99',153,'21.99','PG-13','Trailers,Commentaries,Behind the Scenes','2023-07-28',0),(514,'LEBOWSKI SOLDIERS','A Beautiful Epistle of a Secret Agent And a Pioneer who must Chase a Astronaut in Ancient China',1,6,'2.99',69,'17.99','PG-13','Commentaries,Deleted Scenes','2023-07-28',0),(515,'LEGALLY SECRETARY','A Astounding Tale of a A Shark And a Moose who must Meet a Womanizer in The Sahara Desert',1,7,'4.99',113,'14.99','PG','Trailers,Commentaries,Behind the Scenes','2023-07-28',0),(516,'LEGEND JEDI','A Awe-Inspiring Epistle of a Pioneer And a Student who must Outgun a Crocodile in The Outback',1,7,'0.99',59,'18.99','PG','Commentaries,Deleted Scenes','2023-07-28',0),(517,'LESSON CLEOPATRA','A Emotional Display of a Man And a Explorer who must Build a Boy in A Manhattan Penthouse',1,3,'0.99',167,'28.99','NC-17','Deleted Scenes,Behind the Scenes','2023-07-28',0),(518,'LIAISONS SWEET','A Boring Drama of a A Shark And a Explorer who must Redeem a Waitress in The Canadian Rockies',1,5,'4.99',140,'15.99','PG','Commentaries,Behind the Scenes','2023-07-28',0),(519,'LIBERTY MAGNIFICENT','A Boring Drama of a Student And a Cat who must Sink a Technical Writer in A Baloon',1,3,'2.99',138,'27.99','G','Commentaries,Deleted Scenes,Behind the Scenes','2023-07-28',0),(520,'LICENSE WEEKEND','A Insightful Story of a Man And a Husband who must Overcome a Madman in A Monastery',1,7,'2.99',91,'28.99','NC-17','Deleted Scenes,Behind the Scenes','2023-07-28',0),(521,'LIES TREATMENT','A Fast-Paced Character Study of a Dentist And a Moose who must Defeat a Composer in The First Manned Space Station',1,7,'4.99',147,'28.99','NC-17','Commentaries,Deleted Scenes,Behind the Scenes','2023-07-28',0),(522,'LIFE TWISTED','A Thrilling Reflection of a Teacher And a Composer who must Find a Man in The First Manned Space Station',1,4,'2.99',137,'9.99','NC-17','Commentaries,Deleted Scenes','2023-07-28',0),(523,'LIGHTS DEER','A Unbelieveable Epistle of a Dog And a Woman who must Confront a Moose in The Gulf of Mexico',1,7,'0.99',174,'21.99','R','Commentaries','2023-07-28',0),(524,'LION UNCUT','A Intrepid Display of a Pastry Chef And a Cat who must Kill a A Shark in Ancient China',1,6,'0.99',50,'13.99','PG','Trailers,Deleted Scenes','2023-07-28',0),(525,'LOATHING LEGALLY','A Boring Epistle of a Pioneer And a Mad Scientist who must Escape a Frisbee in The Gulf of Mexico',1,4,'0.99',140,'29.99','R','Deleted Scenes','2023-07-28',0),(526,'LOCK REAR','A Thoughtful Character Study of a Squirrel And a Technical Writer who must Outrace a Student in Ancient Japan',1,7,'2.99',120,'10.99','R','Trailers,Commentaries','2023-07-28',0),(527,'LOLA AGENT','A Astounding Tale of a Mad Scientist And a Husband who must Redeem a Database Administrator in Ancient Japan',1,4,'4.99',85,'24.99','PG','Trailers,Commentaries','2023-07-28',0),(528,'LOLITA WORLD','A Thrilling Drama of a Girl And a Robot who must Redeem a Waitress in An Abandoned Mine Shaft',1,4,'2.99',155,'25.99','NC-17','Trailers,Deleted Scenes','2023-07-28',0),(529,'LONELY ELEPHANT','A Intrepid Story of a Student And a Dog who must Challenge a Explorer in Soviet Georgia',1,3,'2.99',67,'12.99','G','Trailers,Commentaries,Deleted Scenes,Behind the Scenes','2023-07-28',0),(530,'LORD ARIZONA','A Action-Packed Display of a Frisbee And a Pastry Chef who must Pursue a Crocodile in A Jet Boat',1,5,'2.99',108,'27.99','PG-13','Trailers','2023-07-28',0),(531,'LOSE INCH','A Stunning Reflection of a Student And a Technical Writer who must Battle a Butler in The First Manned Space Station',1,3,'0.99',137,'18.99','R','Trailers,Commentaries','2023-07-28',0),(532,'LOSER HUSTLER','A Stunning Drama of a Robot And a Feminist who must Outgun a Butler in Nigeria',1,5,'4.99',80,'28.99','PG','Deleted Scenes,Behind the Scenes','2023-07-28',0),(533,'LOST BIRD','A Emotional Character Study of a Robot And a A Shark who must Defeat a Technical Writer in A Manhattan Penthouse',1,4,'2.99',98,'21.99','PG-13','Deleted Scenes','2023-07-28',0),(534,'LOUISIANA HARRY','A Lacklusture Drama of a Girl And a Technical Writer who must Redeem a Monkey in A Shark Tank',1,5,'0.99',70,'18.99','PG-13','Trailers','2023-07-28',0),(535,'LOVE SUICIDES','A Brilliant Panorama of a Hunter And a Explorer who must Pursue a Dentist in An Abandoned Fun House',1,6,'0.99',181,'21.99','R','Trailers,Behind the Scenes','2023-07-28',0),(536,'LOVELY JINGLE','A Fanciful Yarn of a Crocodile And a Forensic Psychologist who must Discover a Crocodile in The Outback',1,3,'2.99',65,'18.99','PG','Trailers,Behind the Scenes','2023-07-28',0),(537,'LOVER TRUMAN','A Emotional Yarn of a Robot And a Boy who must Outgun a Technical Writer in A U-Boat',1,3,'2.99',75,'29.99','G','Trailers','2023-07-28',0),(538,'LOVERBOY ATTACKS','A Boring Story of a Car And a Butler who must Build a Girl in Soviet Georgia',1,7,'0.99',162,'19.99','PG-13','Trailers,Behind the Scenes','2023-07-28',0),(539,'LUCK OPUS','A Boring Display of a Moose And a Squirrel who must Outrace a Teacher in A Shark Tank',1,7,'2.99',152,'21.99','NC-17','Trailers,Commentaries,Behind the Scenes','2023-07-28',0),(540,'LUCKY FLYING','A Lacklusture Character Study of a A Shark And a Man who must Find a Forensic Psychologist in A U-Boat',1,7,'2.99',97,'10.99','PG-13','Trailers,Commentaries,Behind the Scenes','2023-07-28',0),(541,'LUKE MUMMY','A Taut Character Study of a Boy And a Robot who must Redeem a Mad Scientist in Ancient India',1,5,'2.99',74,'21.99','NC-17','Trailers,Behind the Scenes','2023-07-28',0),(542,'LUST LOCK','A Fanciful Panorama of a Hunter And a Dentist who must Meet a Secret Agent in The Sahara Desert',1,3,'2.99',52,'28.99','G','Trailers,Commentaries,Behind the Scenes','2023-07-28',0),(543,'MADIGAN DORADO','A Astounding Character Study of a A Shark And a A Shark who must Discover a Crocodile in The Outback',1,5,'4.99',116,'20.99','R','Deleted Scenes,Behind the Scenes','2023-07-28',0),(544,'MADISON TRAP','A Awe-Inspiring Reflection of a Monkey And a Dentist who must Overcome a Pioneer in A U-Boat',1,4,'2.99',147,'11.99','R','Commentaries,Deleted Scenes,Behind the Scenes','2023-07-28',0),(545,'MADNESS ATTACKS','A Fanciful Tale of a Squirrel And a Boat who must Defeat a Crocodile in The Gulf of Mexico',1,4,'0.99',178,'14.99','PG-13','Trailers','2023-07-28',0),(546,'MADRE GABLES','A Intrepid Panorama of a Sumo Wrestler And a Forensic Psychologist who must Discover a Moose in The First Manned Space Station',1,7,'2.99',98,'27.99','PG-13','Trailers,Commentaries,Deleted Scenes','2023-07-28',0),(547,'MAGIC MALLRATS','A Touching Documentary of a Pastry Chef And a Pastry Chef who must Build a Mad Scientist in California',1,3,'0.99',117,'19.99','PG','Trailers,Commentaries','2023-07-28',0),(548,'MAGNIFICENT CHITTY','A Insightful Story of a Teacher And a Hunter who must Face a Mad Cow in California',1,3,'2.99',53,'27.99','R','Commentaries,Deleted Scenes','2023-07-28',0),(549,'MAGNOLIA FORRESTER','A Thoughtful Documentary of a Composer And a Explorer who must Conquer a Dentist in New Orleans',1,4,'0.99',171,'28.99','PG-13','Trailers,Commentaries,Deleted Scenes','2023-07-28',0),(550,'MAGUIRE APACHE','A Fast-Paced Reflection of a Waitress And a Hunter who must Defeat a Forensic Psychologist in A Baloon',1,6,'2.99',74,'22.99','NC-17','Trailers,Commentaries','2023-07-28',0),(551,'MAIDEN HOME','A Lacklusture Saga of a Moose And a Teacher who must Kill a Forensic Psychologist in A MySQL Convention',1,3,'4.99',138,'9.99','PG','Behind the Scenes','2023-07-28',0),(552,'MAJESTIC FLOATS','A Thrilling Character Study of a Moose And a Student who must Escape a Butler in The First Manned Space Station',1,5,'0.99',130,'15.99','PG','Trailers','2023-07-28',0),(553,'MAKER GABLES','A Stunning Display of a Moose And a Database Administrator who must Pursue a Composer in A Jet Boat',1,4,'0.99',136,'12.99','PG-13','Deleted Scenes,Behind the Scenes','2023-07-28',0),(554,'MALKOVICH PET','A Intrepid Reflection of a Waitress And a A Shark who must Kill a Squirrel in The Outback',1,6,'2.99',159,'22.99','G','Behind the Scenes','2023-07-28',0),(555,'MALLRATS UNITED','A Thrilling Yarn of a Waitress And a Dentist who must Find a Hunter in A Monastery',1,4,'0.99',133,'25.99','PG','Trailers,Commentaries,Deleted Scenes','2023-07-28',0),(556,'MALTESE HOPE','A Fast-Paced Documentary of a Crocodile And a Sumo Wrestler who must Conquer a Explorer in California',1,6,'4.99',127,'26.99','PG-13','Behind the Scenes','2023-07-28',0),(557,'MANCHURIAN CURTAIN','A Stunning Tale of a Mad Cow And a Boy who must Battle a Boy in Berlin',1,5,'2.99',177,'27.99','PG','Trailers,Commentaries','2023-07-28',0),(558,'MANNEQUIN WORST','A Astounding Saga of a Mad Cow And a Pastry Chef who must Discover a Husband in Ancient India',1,3,'2.99',71,'18.99','PG-13','Trailers,Commentaries,Deleted Scenes','2023-07-28',0),(559,'MARRIED GO','A Fanciful Story of a Womanizer And a Dog who must Face a Forensic Psychologist in The Sahara Desert',1,7,'2.99',114,'22.99','G','Behind the Scenes','2023-07-28',0),(560,'MARS ROMAN','A Boring Drama of a Car And a Dog who must Succumb a Madman in Soviet Georgia',1,6,'0.99',62,'21.99','NC-17','Commentaries,Deleted Scenes','2023-07-28',0),(561,'MASK PEACH','A Boring Character Study of a Student And a Robot who must Meet a Woman in California',1,6,'2.99',123,'26.99','NC-17','Commentaries,Deleted Scenes','2023-07-28',0),(562,'MASKED BUBBLE','A Fanciful Documentary of a Pioneer And a Boat who must Pursue a Pioneer in An Abandoned Mine Shaft',1,6,'0.99',151,'12.99','PG-13','Commentaries,Behind the Scenes','2023-07-28',0),(563,'MASSACRE USUAL','A Fateful Reflection of a Waitress And a Crocodile who must Challenge a Forensic Psychologist in California',1,6,'4.99',165,'16.99','R','Commentaries','2023-07-28',0),(564,'MASSAGE IMAGE','A Fateful Drama of a Frisbee And a Crocodile who must Vanquish a Dog in The First Manned Space Station',1,4,'2.99',161,'11.99','PG','Commentaries,Behind the Scenes','2023-07-28',0),(565,'MATRIX SNOWMAN','A Action-Packed Saga of a Womanizer And a Woman who must Overcome a Student in California',1,6,'4.99',56,'9.99','PG-13','Commentaries,Deleted Scenes,Behind the Scenes','2023-07-28',0),(566,'MAUDE MOD','A Beautiful Documentary of a Forensic Psychologist And a Cat who must Reach a Astronaut in Nigeria',1,6,'0.99',72,'20.99','R','Trailers,Behind the Scenes','2023-07-28',0),(567,'MEET CHOCOLATE','A Boring Documentary of a Dentist And a Butler who must Confront a Monkey in A MySQL Convention',1,3,'2.99',80,'26.99','G','Trailers','2023-07-28',0),(568,'MEMENTO ZOOLANDER','A Touching Epistle of a Squirrel And a Explorer who must Redeem a Pastry Chef in The Sahara Desert',1,4,'4.99',77,'11.99','NC-17','Behind the Scenes','2023-07-28',0),(569,'MENAGERIE RUSHMORE','A Unbelieveable Panorama of a Composer And a Butler who must Overcome a Database Administrator in The First Manned Space Station',1,7,'2.99',147,'18.99','G','Trailers,Commentaries,Deleted Scenes','2023-07-28',0),(570,'MERMAID INSECTS','A Lacklusture Drama of a Waitress And a Husband who must Fight a Husband in California',1,5,'4.99',104,'20.99','NC-17','Trailers,Behind the Scenes','2023-07-28',0),(571,'METAL ARMAGEDDON','A Thrilling Display of a Lumberjack And a Crocodile who must Meet a Monkey in A Baloon Factory',1,6,'2.99',161,'26.99','PG-13','Trailers,Commentaries,Deleted Scenes','2023-07-28',0),(572,'METROPOLIS COMA','A Emotional Saga of a Database Administrator And a Pastry Chef who must Confront a Teacher in A Baloon Factory',1,4,'2.99',64,'9.99','PG-13','Trailers,Commentaries,Behind the Scenes','2023-07-28',0),(573,'MICROCOSMOS PARADISE','A Touching Character Study of a Boat And a Student who must Sink a A Shark in Nigeria',1,6,'2.99',105,'22.99','PG-13','Commentaries','2023-07-28',0),(574,'MIDNIGHT WESTWARD','A Taut Reflection of a Husband And a A Shark who must Redeem a Pastry Chef in A Monastery',1,3,'0.99',86,'19.99','G','Trailers,Deleted Scenes','2023-07-28',0),(575,'MIDSUMMER GROUNDHOG','A Fateful Panorama of a Moose And a Dog who must Chase a Crocodile in Ancient Japan',1,3,'4.99',48,'27.99','G','Trailers,Deleted Scenes','2023-07-28',0),(576,'MIGHTY LUCK','A Astounding Epistle of a Mad Scientist And a Pioneer who must Escape a Database Administrator in A MySQL Convention',1,7,'2.99',122,'13.99','PG','Behind the Scenes','2023-07-28',0),(577,'MILE MULAN','A Lacklusture Epistle of a Cat And a Husband who must Confront a Boy in A MySQL Convention',1,4,'0.99',64,'10.99','PG','Deleted Scenes,Behind the Scenes','2023-07-28',0),(578,'MILLION ACE','A Brilliant Documentary of a Womanizer And a Squirrel who must Find a Technical Writer in The Sahara Desert',1,4,'4.99',142,'16.99','PG-13','Deleted Scenes','2023-07-28',0),(579,'MINDS TRUMAN','A Taut Yarn of a Mad Scientist And a Crocodile who must Outgun a Database Administrator in A Monastery',1,3,'4.99',149,'22.99','PG-13','Deleted Scenes,Behind the Scenes','2023-07-28',0),(580,'MINE TITANS','A Amazing Yarn of a Robot And a Womanizer who must Discover a Forensic Psychologist in Berlin',1,3,'4.99',166,'12.99','PG-13','Trailers,Deleted Scenes','2023-07-28',0),(581,'MINORITY KISS','A Insightful Display of a Lumberjack And a Sumo Wrestler who must Meet a Man in The Outback',1,4,'0.99',59,'16.99','G','Trailers','2023-07-28',0),(582,'MIRACLE VIRTUAL','A Touching Epistle of a Butler And a Boy who must Find a Mad Scientist in The Sahara Desert',1,3,'2.99',162,'19.99','PG-13','Trailers,Deleted Scenes','2023-07-28',0),(583,'MISSION ZOOLANDER','A Intrepid Story of a Sumo Wrestler And a Teacher who must Meet a A Shark in An Abandoned Fun House',1,3,'4.99',164,'26.99','PG-13','Behind the Scenes','2023-07-28',0),(584,'MIXED DOORS','A Taut Drama of a Womanizer And a Lumberjack who must Succumb a Pioneer in Ancient India',1,6,'2.99',180,'26.99','PG-13','Behind the Scenes','2023-07-28',0),(585,'MOB DUFFEL','A Unbelieveable Documentary of a Frisbee And a Boat who must Meet a Boy in The Canadian Rockies',1,4,'0.99',105,'25.99','G','Trailers','2023-07-28',0),(586,'MOCKINGBIRD HOLLYWOOD','A Thoughtful Panorama of a Man And a Car who must Sink a Composer in Berlin',1,4,'0.99',60,'27.99','PG','Behind the Scenes','2023-07-28',0),(587,'MOD SECRETARY','A Boring Documentary of a Mad Cow And a Cat who must Build a Lumberjack in New Orleans',1,6,'4.99',77,'20.99','NC-17','Commentaries,Behind the Scenes','2023-07-28',0),(588,'MODEL FISH','A Beautiful Panorama of a Boat And a Crocodile who must Outrace a Dog in Australia',1,4,'4.99',175,'11.99','NC-17','Trailers,Commentaries,Behind the Scenes','2023-07-28',0),(589,'MODERN DORADO','A Awe-Inspiring Story of a Butler And a Sumo Wrestler who must Redeem a Boy in New Orleans',1,3,'0.99',74,'20.99','PG','Trailers,Commentaries,Deleted Scenes','2023-07-28',0),(590,'MONEY HAROLD','A Touching Tale of a Explorer And a Boat who must Defeat a Robot in Australia',1,3,'2.99',135,'17.99','PG','Trailers,Commentaries','2023-07-28',0),(591,'MONSOON CAUSE','A Astounding Tale of a Crocodile And a Car who must Outrace a Squirrel in A U-Boat',1,6,'4.99',182,'20.99','PG','Commentaries,Behind the Scenes','2023-07-28',0),(592,'MONSTER SPARTACUS','A Fast-Paced Story of a Waitress And a Cat who must Fight a Girl in Australia',1,6,'2.99',107,'28.99','PG','Commentaries,Behind the Scenes','2023-07-28',0),(593,'MONTEREY LABYRINTH','A Awe-Inspiring Drama of a Monkey And a Composer who must Escape a Feminist in A U-Boat',1,6,'0.99',158,'13.99','G','Trailers,Commentaries','2023-07-28',0),(594,'MONTEZUMA COMMAND','A Thrilling Reflection of a Waitress And a Butler who must Battle a Butler in A Jet Boat',1,6,'0.99',126,'22.99','NC-17','Trailers','2023-07-28',0),(595,'MOON BUNCH','A Beautiful Tale of a Astronaut And a Mad Cow who must Challenge a Cat in A Baloon Factory',1,7,'0.99',83,'20.99','PG','Deleted Scenes,Behind the Scenes','2023-07-28',0),(596,'MOONSHINE CABIN','A Thoughtful Display of a Astronaut And a Feminist who must Chase a Frisbee in A Jet Boat',1,4,'4.99',171,'25.99','PG-13','Behind the Scenes','2023-07-28',0),(597,'MOONWALKER FOOL','A Epic Drama of a Feminist And a Pioneer who must Sink a Composer in New Orleans',1,5,'4.99',184,'12.99','G','Trailers,Deleted Scenes','2023-07-28',0),(598,'MOSQUITO ARMAGEDDON','A Thoughtful Character Study of a Waitress And a Feminist who must Build a Teacher in Ancient Japan',1,6,'0.99',57,'22.99','G','Trailers','2023-07-28',0),(599,'MOTHER OLEANDER','A Boring Tale of a Husband And a Boy who must Fight a Squirrel in Ancient China',1,3,'0.99',103,'20.99','R','Trailers,Commentaries','2023-07-28',0),(600,'MOTIONS DETAILS','A Awe-Inspiring Reflection of a Dog And a Student who must Kill a Car in An Abandoned Fun House',1,5,'0.99',166,'16.99','PG','Trailers,Commentaries,Behind the Scenes','2023-07-28',0),(601,'MOULIN WAKE','A Astounding Story of a Forensic Psychologist And a Cat who must Battle a Teacher in An Abandoned Mine Shaft',1,4,'0.99',79,'20.99','PG-13','Trailers','2023-07-28',0),(602,'MOURNING PURPLE','A Lacklusture Display of a Waitress And a Lumberjack who must Chase a Pioneer in New Orleans',1,5,'0.99',146,'14.99','PG','Trailers,Commentaries,Deleted Scenes,Behind the Scenes','2023-07-28',0),(603,'MOVIE SHAKESPEARE','A Insightful Display of a Database Administrator And a Student who must Build a Hunter in Berlin',1,6,'4.99',53,'27.99','PG','Commentaries,Deleted Scenes,Behind the Scenes','2023-07-28',0),(604,'MULAN MOON','A Emotional Saga of a Womanizer And a Pioneer who must Overcome a Dentist in A Baloon',1,4,'0.99',160,'10.99','G','Behind the Scenes','2023-07-28',0),(605,'MULHOLLAND BEAST','A Awe-Inspiring Display of a Husband And a Squirrel who must Battle a Sumo Wrestler in A Jet Boat',1,7,'2.99',157,'13.99','PG','Trailers,Deleted Scenes,Behind the Scenes','2023-07-28',0),(606,'MUMMY CREATURES','A Fateful Character Study of a Crocodile And a Monkey who must Meet a Dentist in Australia',1,3,'0.99',160,'15.99','NC-17','Trailers,Behind the Scenes','2023-07-28',0),(607,'MUPPET MILE','A Lacklusture Story of a Madman And a Teacher who must Kill a Frisbee in The Gulf of Mexico',1,5,'4.99',50,'18.99','PG','Trailers,Deleted Scenes','2023-07-28',0),(608,'MURDER ANTITRUST','A Brilliant Yarn of a Car And a Database Administrator who must Escape a Boy in A MySQL Convention',1,6,'2.99',166,'11.99','PG','Trailers,Deleted Scenes,Behind the Scenes','2023-07-28',0),(609,'MUSCLE BRIGHT','A Stunning Panorama of a Sumo Wrestler And a Husband who must Redeem a Madman in Ancient India',1,7,'2.99',185,'23.99','G','Deleted Scenes','2023-07-28',0),(610,'MUSIC BOONDOCK','A Thrilling Tale of a Butler And a Astronaut who must Battle a Explorer in The First Manned Space Station',1,7,'0.99',129,'17.99','R','Trailers,Commentaries,Behind the Scenes','2023-07-28',0),(611,'MUSKETEERS WAIT','A Touching Yarn of a Student And a Moose who must Fight a Mad Cow in Australia',1,7,'4.99',73,'17.99','PG','Deleted Scenes,Behind the Scenes','2023-07-28',0),(612,'MUSSOLINI SPOILERS','A Thrilling Display of a Boat And a Monkey who must Meet a Composer in Ancient China',1,6,'2.99',180,'10.99','G','Deleted Scenes,Behind the Scenes','2023-07-28',0),(613,'MYSTIC TRUMAN','A Epic Yarn of a Teacher And a Hunter who must Outgun a Explorer in Soviet Georgia',1,5,'0.99',92,'19.99','NC-17','Commentaries,Behind the Scenes','2023-07-28',0),(614,'NAME DETECTIVE','A Touching Saga of a Sumo Wrestler And a Cat who must Pursue a Mad Scientist in Nigeria',1,5,'4.99',178,'11.99','PG-13','Trailers,Commentaries,Behind the Scenes','2023-07-28',0),(615,'NASH CHOCOLAT','A Epic Reflection of a Monkey And a Mad Cow who must Kill a Forensic Psychologist in An Abandoned Mine Shaft',1,6,'2.99',180,'21.99','PG-13','Commentaries,Behind the Scenes','2023-07-28',0),(616,'NATIONAL STORY','A Taut Epistle of a Mad Scientist And a Girl who must Escape a Monkey in California',1,4,'2.99',92,'19.99','NC-17','Trailers','2023-07-28',0),(617,'NATURAL STOCK','A Fast-Paced Story of a Sumo Wrestler And a Girl who must Defeat a Car in A Baloon Factory',1,4,'0.99',50,'24.99','PG-13','Commentaries,Deleted Scenes','2023-07-28',0),(618,'NECKLACE OUTBREAK','A Astounding Epistle of a Database Administrator And a Mad Scientist who must Pursue a Cat in California',1,3,'0.99',132,'21.99','PG','Trailers,Commentaries,Behind the Scenes','2023-07-28',0),(619,'NEIGHBORS CHARADE','A Fanciful Reflection of a Crocodile And a Astronaut who must Outrace a Feminist in An Abandoned Amusement Park',1,3,'0.99',161,'20.99','R','Trailers,Commentaries,Deleted Scenes','2023-07-28',0),(620,'NEMO CAMPUS','A Lacklusture Reflection of a Monkey And a Squirrel who must Outrace a Womanizer in A Manhattan Penthouse',1,5,'2.99',131,'23.99','NC-17','Trailers','2023-07-28',0),(621,'NETWORK PEAK','A Unbelieveable Reflection of a Butler And a Boat who must Outgun a Mad Scientist in California',1,5,'2.99',75,'23.99','PG-13','Commentaries,Deleted Scenes,Behind the Scenes','2023-07-28',0),(622,'NEWSIES STORY','A Action-Packed Character Study of a Dog And a Lumberjack who must Outrace a Moose in The Gulf of Mexico',1,4,'0.99',159,'25.99','G','Trailers,Deleted Scenes','2023-07-28',0),(623,'NEWTON LABYRINTH','A Intrepid Character Study of a Moose And a Waitress who must Find a A Shark in Ancient India',1,4,'0.99',75,'9.99','PG','Trailers,Commentaries,Deleted Scenes,Behind the Scenes','2023-07-28',0),(624,'NIGHTMARE CHILL','A Brilliant Display of a Robot And a Butler who must Fight a Waitress in An Abandoned Mine Shaft',1,3,'4.99',149,'25.99','PG','Trailers,Deleted Scenes,Behind the Scenes','2023-07-28',0),(625,'NONE SPIKING','A Boring Reflection of a Secret Agent And a Astronaut who must Face a Composer in A Manhattan Penthouse',1,3,'0.99',83,'18.99','NC-17','Trailers,Commentaries','2023-07-28',0),(626,'NOON PAPI','A Unbelieveable Character Study of a Mad Scientist And a Astronaut who must Find a Pioneer in A Manhattan Penthouse',1,5,'2.99',57,'12.99','G','Behind the Scenes','2023-07-28',0),(627,'NORTH TEQUILA','A Beautiful Character Study of a Mad Cow And a Robot who must Reach a Womanizer in New Orleans',1,4,'4.99',67,'9.99','NC-17','Commentaries,Deleted Scenes,Behind the Scenes','2023-07-28',0),(628,'NORTHWEST POLISH','A Boring Character Study of a Boy And a A Shark who must Outrace a Womanizer in The Outback',1,5,'2.99',172,'24.99','PG','Trailers','2023-07-28',0),(629,'NOTORIOUS REUNION','A Amazing Epistle of a Woman And a Squirrel who must Fight a Hunter in A Baloon',1,7,'0.99',128,'9.99','NC-17','Trailers,Commentaries,Deleted Scenes','2023-07-28',0),(630,'NOTTING SPEAKEASY','A Thoughtful Display of a Butler And a Womanizer who must Find a Waitress in The Canadian Rockies',1,7,'0.99',48,'19.99','PG-13','Trailers,Commentaries','2023-07-28',0),(631,'NOVOCAINE FLIGHT','A Fanciful Display of a Student And a Teacher who must Outgun a Crocodile in Nigeria',1,4,'0.99',64,'11.99','G','Trailers,Commentaries,Deleted Scenes','2023-07-28',0),(632,'NUTS TIES','A Thoughtful Drama of a Explorer And a Womanizer who must Meet a Teacher in California',1,5,'4.99',145,'10.99','NC-17','Trailers,Behind the Scenes','2023-07-28',0),(633,'OCTOBER SUBMARINE','A Taut Epistle of a Monkey And a Boy who must Confront a Husband in A Jet Boat',1,6,'4.99',54,'10.99','PG-13','Trailers,Commentaries,Behind the Scenes','2023-07-28',0),(634,'ODDS BOOGIE','A Thrilling Yarn of a Feminist And a Madman who must Battle a Hunter in Berlin',1,6,'0.99',48,'14.99','NC-17','Trailers,Commentaries,Behind the Scenes','2023-07-28',0),(635,'OKLAHOMA JUMANJI','A Thoughtful Drama of a Dentist And a Womanizer who must Meet a Husband in The Sahara Desert',1,7,'0.99',58,'15.99','PG','Behind the Scenes','2023-07-28',0),(636,'OLEANDER CLUE','A Boring Story of a Teacher And a Monkey who must Succumb a Forensic Psychologist in A Jet Boat',1,5,'0.99',161,'12.99','PG','Commentaries,Deleted Scenes','2023-07-28',0),(637,'OPEN AFRICAN','A Lacklusture Drama of a Secret Agent And a Explorer who must Discover a Car in A U-Boat',1,7,'4.99',131,'16.99','PG','Trailers,Commentaries','2023-07-28',0),(638,'OPERATION OPERATION','A Intrepid Character Study of a Man And a Frisbee who must Overcome a Madman in Ancient China',1,7,'2.99',156,'23.99','G','Trailers,Commentaries,Deleted Scenes,Behind the Scenes','2023-07-28',0),(639,'OPPOSITE NECKLACE','A Fateful Epistle of a Crocodile And a Moose who must Kill a Explorer in Nigeria',1,7,'4.99',92,'9.99','PG','Deleted Scenes','2023-07-28',0),(640,'OPUS ICE','A Fast-Paced Drama of a Hunter And a Boy who must Discover a Feminist in The Sahara Desert',1,5,'4.99',102,'21.99','R','Commentaries,Deleted Scenes','2023-07-28',0),(641,'ORANGE GRAPES','A Astounding Documentary of a Butler And a Womanizer who must Face a Dog in A U-Boat',1,4,'0.99',76,'21.99','PG-13','Trailers,Commentaries','2023-07-28',0),(642,'ORDER BETRAYED','A Amazing Saga of a Dog And a A Shark who must Challenge a Cat in The Sahara Desert',1,7,'2.99',120,'13.99','PG-13','Deleted Scenes,Behind the Scenes','2023-07-28',0),(643,'ORIENT CLOSER','A Astounding Epistle of a Technical Writer And a Teacher who must Fight a Squirrel in The Sahara Desert',1,3,'2.99',118,'22.99','R','Commentaries,Deleted Scenes','2023-07-28',0),(644,'OSCAR GOLD','A Insightful Tale of a Database Administrator And a Dog who must Face a Madman in Soviet Georgia',1,7,'2.99',115,'29.99','PG','Behind the Scenes','2023-07-28',0),(645,'OTHERS SOUP','A Lacklusture Documentary of a Mad Cow And a Madman who must Sink a Moose in The Gulf of Mexico',1,7,'2.99',118,'18.99','PG','Deleted Scenes','2023-07-28',0),(646,'OUTBREAK DIVINE','A Unbelieveable Yarn of a Database Administrator And a Woman who must Succumb a A Shark in A U-Boat',1,6,'0.99',169,'12.99','NC-17','Trailers,Deleted Scenes,Behind the Scenes','2023-07-28',0),(647,'OUTFIELD MASSACRE','A Thoughtful Drama of a Husband And a Secret Agent who must Pursue a Database Administrator in Ancient India',1,4,'0.99',129,'18.99','NC-17','Trailers,Deleted Scenes','2023-07-28',0),(648,'OUTLAW HANKY','A Thoughtful Story of a Astronaut And a Composer who must Conquer a Dog in The Sahara Desert',1,7,'4.99',148,'17.99','PG-13','Trailers,Commentaries','2023-07-28',0),(649,'OZ LIAISONS','A Epic Yarn of a Mad Scientist And a Cat who must Confront a Womanizer in A Baloon Factory',1,4,'2.99',85,'14.99','R','Commentaries,Deleted Scenes,Behind the Scenes','2023-07-28',0),(650,'PACIFIC AMISTAD','A Thrilling Yarn of a Dog And a Moose who must Kill a Pastry Chef in A Manhattan Penthouse',1,3,'0.99',144,'27.99','G','Trailers,Commentaries,Deleted Scenes,Behind the Scenes','2023-07-28',0),(651,'PACKER MADIGAN','A Epic Display of a Sumo Wrestler And a Forensic Psychologist who must Build a Woman in An Abandoned Amusement Park',1,3,'0.99',84,'20.99','PG-13','Trailers','2023-07-28',0),(652,'PAJAMA JAWBREAKER','A Emotional Drama of a Boy And a Technical Writer who must Redeem a Sumo Wrestler in California',1,3,'0.99',126,'14.99','R','Trailers,Deleted Scenes','2023-07-28',0),(653,'PANIC CLUB','A Fanciful Display of a Teacher And a Crocodile who must Succumb a Girl in A Baloon',1,3,'4.99',102,'15.99','G','Commentaries,Deleted Scenes','2023-07-28',0),(654,'PANKY SUBMARINE','A Touching Documentary of a Dentist And a Sumo Wrestler who must Overcome a Boy in The Gulf of Mexico',1,4,'4.99',93,'19.99','G','Trailers,Commentaries,Deleted Scenes,Behind the Scenes','2023-07-28',0),(655,'PANTHER REDS','A Brilliant Panorama of a Moose And a Man who must Reach a Teacher in The Gulf of Mexico',1,5,'4.99',109,'22.99','NC-17','Deleted Scenes,Behind the Scenes','2023-07-28',0),(656,'PAPI NECKLACE','A Fanciful Display of a Car And a Monkey who must Escape a Squirrel in Ancient Japan',1,3,'0.99',128,'9.99','PG','Trailers,Deleted Scenes,Behind the Scenes','2023-07-28',0),(657,'PARADISE SABRINA','A Intrepid Yarn of a Car And a Moose who must Outrace a Crocodile in A Manhattan Penthouse',1,5,'2.99',48,'12.99','PG-13','Commentaries,Deleted Scenes,Behind the Scenes','2023-07-28',0),(658,'PARIS WEEKEND','A Intrepid Story of a Squirrel And a Crocodile who must Defeat a Monkey in The Outback',1,7,'2.99',121,'19.99','PG-13','Trailers,Commentaries,Deleted Scenes,Behind the Scenes','2023-07-28',0),(659,'PARK CITIZEN','A Taut Epistle of a Sumo Wrestler And a Girl who must Face a Husband in Ancient Japan',1,3,'4.99',109,'14.99','PG-13','Trailers,Deleted Scenes','2023-07-28',0),(660,'PARTY KNOCK','A Fateful Display of a Technical Writer And a Butler who must Battle a Sumo Wrestler in An Abandoned Mine Shaft',1,7,'2.99',107,'11.99','PG','Trailers,Behind the Scenes','2023-07-28',0),(661,'PAST SUICIDES','A Intrepid Tale of a Madman And a Astronaut who must Challenge a Hunter in A Monastery',1,5,'4.99',157,'17.99','PG-13','Trailers,Deleted Scenes,Behind the Scenes','2023-07-28',0),(662,'PATHS CONTROL','A Astounding Documentary of a Butler And a Cat who must Find a Frisbee in Ancient China',1,3,'4.99',118,'9.99','PG','Trailers,Behind the Scenes','2023-07-28',0),(663,'PATIENT SISTER','A Emotional Epistle of a Squirrel And a Robot who must Confront a Lumberjack in Soviet Georgia',1,7,'0.99',99,'29.99','NC-17','Trailers,Commentaries','2023-07-28',0),(664,'PATRIOT ROMAN','A Taut Saga of a Robot And a Database Administrator who must Challenge a Astronaut in California',1,6,'2.99',65,'12.99','PG','Trailers,Deleted Scenes','2023-07-28',0),(665,'PATTON INTERVIEW','A Thrilling Documentary of a Composer And a Secret Agent who must Succumb a Cat in Berlin',1,4,'2.99',175,'22.99','PG','Commentaries','2023-07-28',0),(666,'PAYCHECK WAIT','A Awe-Inspiring Reflection of a Boy And a Man who must Discover a Moose in The Sahara Desert',1,4,'4.99',145,'27.99','PG-13','Commentaries,Deleted Scenes','2023-07-28',0),(667,'PEACH INNOCENT','A Action-Packed Drama of a Monkey And a Dentist who must Chase a Butler in Berlin',1,3,'2.99',160,'20.99','PG-13','Commentaries,Behind the Scenes','2023-07-28',0),(668,'PEAK FOREVER','A Insightful Reflection of a Boat And a Secret Agent who must Vanquish a Astronaut in An Abandoned Mine Shaft',1,7,'4.99',80,'25.99','PG','Trailers,Commentaries,Deleted Scenes,Behind the Scenes','2023-07-28',0),(669,'PEARL DESTINY','A Lacklusture Yarn of a Astronaut And a Pastry Chef who must Sink a Dog in A U-Boat',1,3,'2.99',74,'10.99','NC-17','Trailers','2023-07-28',0),(670,'PELICAN COMFORTS','A Epic Documentary of a Boy And a Monkey who must Pursue a Astronaut in Berlin',1,4,'4.99',48,'17.99','PG','Commentaries,Deleted Scenes','2023-07-28',0),(671,'PERDITION FARGO','A Fast-Paced Story of a Car And a Cat who must Outgun a Hunter in Berlin',1,7,'4.99',99,'27.99','NC-17','Trailers,Behind the Scenes','2023-07-28',0),(672,'PERFECT GROOVE','A Thrilling Yarn of a Dog And a Dog who must Build a Husband in A Baloon',1,7,'2.99',82,'17.99','PG-13','Commentaries,Deleted Scenes,Behind the Scenes','2023-07-28',0),(673,'PERSONAL LADYBUGS','A Epic Saga of a Hunter And a Technical Writer who must Conquer a Cat in Ancient Japan',1,3,'0.99',118,'19.99','PG-13','Deleted Scenes,Behind the Scenes','2023-07-28',0),(674,'PET HAUNTING','A Unbelieveable Reflection of a Explorer And a Boat who must Conquer a Woman in California',1,3,'0.99',99,'11.99','PG','Trailers,Commentaries','2023-07-28',0),(675,'PHANTOM GLORY','A Beautiful Documentary of a Astronaut And a Crocodile who must Discover a Madman in A Monastery',1,6,'2.99',60,'17.99','NC-17','Commentaries,Behind the Scenes','2023-07-28',0),(676,'PHILADELPHIA WIFE','A Taut Yarn of a Hunter And a Astronaut who must Conquer a Database Administrator in The Sahara Desert',1,7,'4.99',137,'16.99','PG-13','Trailers,Commentaries,Deleted Scenes','2023-07-28',0),(677,'PIANIST OUTFIELD','A Intrepid Story of a Boy And a Technical Writer who must Pursue a Lumberjack in A Monastery',1,6,'0.99',136,'25.99','NC-17','Trailers,Commentaries,Deleted Scenes','2023-07-28',0),(678,'PICKUP DRIVING','A Touching Documentary of a Husband And a Boat who must Meet a Pastry Chef in A Baloon Factory',1,3,'2.99',77,'23.99','G','Trailers,Commentaries,Deleted Scenes,Behind the Scenes','2023-07-28',0),(679,'PILOT HOOSIERS','A Awe-Inspiring Reflection of a Crocodile And a Sumo Wrestler who must Meet a Forensic Psychologist in An Abandoned Mine Shaft',1,6,'2.99',50,'17.99','PG','Trailers,Deleted Scenes','2023-07-28',0),(680,'PINOCCHIO SIMON','A Action-Packed Reflection of a Mad Scientist And a A Shark who must Find a Feminist in California',1,4,'4.99',103,'21.99','PG','Commentaries,Behind the Scenes','2023-07-28',0),(681,'PIRATES ROXANNE','A Stunning Drama of a Woman And a Lumberjack who must Overcome a A Shark in The Canadian Rockies',1,4,'0.99',100,'20.99','PG','Commentaries,Deleted Scenes','2023-07-28',0),(682,'PITTSBURGH HUNCHBACK','A Thrilling Epistle of a Boy And a Boat who must Find a Student in Soviet Georgia',1,4,'4.99',134,'17.99','PG-13','Trailers,Deleted Scenes,Behind the Scenes','2023-07-28',0),(683,'PITY BOUND','A Boring Panorama of a Feminist And a Moose who must Defeat a Database Administrator in Nigeria',1,5,'4.99',60,'19.99','NC-17','Commentaries','2023-07-28',0),(684,'PIZZA JUMANJI','A Epic Saga of a Cat And a Squirrel who must Outgun a Robot in A U-Boat',1,4,'2.99',173,'11.99','NC-17','Commentaries','2023-07-28',0),(685,'PLATOON INSTINCT','A Thrilling Panorama of a Man And a Woman who must Reach a Woman in Australia',1,6,'4.99',132,'10.99','PG-13','Trailers,Commentaries','2023-07-28',0),(686,'PLUTO OLEANDER','A Action-Packed Reflection of a Car And a Moose who must Outgun a Car in A Shark Tank',1,5,'4.99',84,'9.99','R','Behind the Scenes','2023-07-28',0),(687,'POCUS PULP','A Intrepid Yarn of a Frisbee And a Dog who must Build a Astronaut in A Baloon Factory',1,6,'0.99',138,'15.99','NC-17','Commentaries,Deleted Scenes,Behind the Scenes','2023-07-28',0),(688,'POLISH BROOKLYN','A Boring Character Study of a Database Administrator And a Lumberjack who must Reach a Madman in The Outback',1,6,'0.99',61,'12.99','PG','Trailers,Commentaries,Deleted Scenes,Behind the Scenes','2023-07-28',0),(689,'POLLOCK DELIVERANCE','A Intrepid Story of a Madman And a Frisbee who must Outgun a Boat in The Sahara Desert',1,5,'2.99',137,'14.99','PG','Commentaries','2023-07-28',0),(690,'POND SEATTLE','A Stunning Drama of a Teacher And a Boat who must Battle a Feminist in Ancient China',1,7,'2.99',185,'25.99','PG-13','Trailers,Commentaries,Behind the Scenes','2023-07-28',0),(691,'POSEIDON FOREVER','A Thoughtful Epistle of a Womanizer And a Monkey who must Vanquish a Dentist in A Monastery',1,6,'4.99',159,'29.99','PG-13','Commentaries','2023-07-28',0),(692,'POTLUCK MIXED','A Beautiful Story of a Dog And a Technical Writer who must Outgun a Student in A Baloon',1,3,'2.99',179,'10.99','G','Behind the Scenes','2023-07-28',0),(693,'POTTER CONNECTICUT','A Thrilling Epistle of a Frisbee And a Cat who must Fight a Technical Writer in Berlin',1,5,'2.99',115,'16.99','PG','Trailers,Commentaries','2023-07-28',0),(694,'PREJUDICE OLEANDER','A Epic Saga of a Boy And a Dentist who must Outrace a Madman in A U-Boat',1,6,'4.99',98,'15.99','PG-13','Trailers,Commentaries,Deleted Scenes','2023-07-28',0),(695,'PRESIDENT BANG','A Fateful Panorama of a Technical Writer And a Moose who must Battle a Robot in Soviet Georgia',1,6,'4.99',144,'12.99','PG','Behind the Scenes','2023-07-28',0),(696,'PRIDE ALAMO','A Thoughtful Drama of a A Shark And a Forensic Psychologist who must Vanquish a Student in Ancient India',1,6,'0.99',114,'20.99','NC-17','Deleted Scenes','2023-07-28',0),(697,'PRIMARY GLASS','A Fateful Documentary of a Pastry Chef And a Butler who must Build a Dog in The Canadian Rockies',1,7,'0.99',53,'16.99','G','Trailers,Deleted Scenes,Behind the Scenes','2023-07-28',0),(698,'PRINCESS GIANT','A Thrilling Yarn of a Pastry Chef And a Monkey who must Battle a Monkey in A Shark Tank',1,3,'2.99',71,'29.99','NC-17','Trailers,Deleted Scenes','2023-07-28',0),(699,'PRIVATE DROP','A Stunning Story of a Technical Writer And a Hunter who must Succumb a Secret Agent in A Baloon',1,7,'4.99',106,'26.99','PG','Trailers','2023-07-28',0),(700,'PRIX UNDEFEATED','A Stunning Saga of a Mad Scientist And a Boat who must Overcome a Dentist in Ancient China',1,4,'2.99',115,'13.99','R','Trailers,Deleted Scenes','2023-07-28',0),(701,'PSYCHO SHRUNK','A Amazing Panorama of a Crocodile And a Explorer who must Fight a Husband in Nigeria',1,5,'2.99',155,'11.99','PG-13','Behind the Scenes','2023-07-28',0),(702,'PULP BEVERLY','A Unbelieveable Display of a Dog And a Crocodile who must Outrace a Man in Nigeria',1,4,'2.99',89,'12.99','G','Trailers,Behind the Scenes','2023-07-28',0),(703,'PUNK DIVORCE','A Fast-Paced Tale of a Pastry Chef And a Boat who must Face a Frisbee in The Canadian Rockies',1,6,'4.99',100,'18.99','PG','Trailers,Commentaries,Deleted Scenes','2023-07-28',0),(704,'PURE RUNNER','A Thoughtful Documentary of a Student And a Madman who must Challenge a Squirrel in A Manhattan Penthouse',1,3,'2.99',121,'25.99','NC-17','Trailers,Deleted Scenes','2023-07-28',0),(705,'PURPLE MOVIE','A Boring Display of a Pastry Chef And a Sumo Wrestler who must Discover a Frisbee in An Abandoned Amusement Park',1,4,'2.99',88,'9.99','R','Commentaries,Deleted Scenes','2023-07-28',0),(706,'QUEEN LUKE','A Astounding Story of a Girl And a Boy who must Challenge a Composer in New Orleans',1,5,'4.99',163,'22.99','PG','Commentaries,Deleted Scenes,Behind the Scenes','2023-07-28',0),(707,'QUEST MUSSOLINI','A Fateful Drama of a Husband And a Sumo Wrestler who must Battle a Pastry Chef in A Baloon Factory',1,5,'2.99',177,'29.99','R','Behind the Scenes','2023-07-28',0),(708,'QUILLS BULL','A Thoughtful Story of a Pioneer And a Woman who must Reach a Moose in Australia',1,4,'4.99',112,'19.99','R','Trailers,Behind the Scenes','2023-07-28',0),(709,'RACER EGG','A Emotional Display of a Monkey And a Waitress who must Reach a Secret Agent in California',1,7,'2.99',147,'19.99','NC-17','Trailers,Commentaries,Deleted Scenes','2023-07-28',0),(710,'RAGE GAMES','A Fast-Paced Saga of a Astronaut And a Secret Agent who must Escape a Hunter in An Abandoned Amusement Park',1,4,'4.99',120,'18.99','R','Trailers,Behind the Scenes','2023-07-28',0),(711,'RAGING AIRPLANE','A Astounding Display of a Secret Agent And a Technical Writer who must Escape a Mad Scientist in A Jet Boat',1,4,'4.99',154,'18.99','R','Commentaries,Deleted Scenes','2023-07-28',0),(712,'RAIDERS ANTITRUST','A Amazing Drama of a Teacher And a Feminist who must Meet a Woman in The First Manned Space Station',1,4,'0.99',82,'11.99','PG-13','Deleted Scenes','2023-07-28',0),(713,'RAINBOW SHOCK','A Action-Packed Story of a Hunter And a Boy who must Discover a Lumberjack in Ancient India',1,3,'4.99',74,'14.99','PG','Trailers,Commentaries,Deleted Scenes,Behind the Scenes','2023-07-28',0),(714,'RANDOM GO','A Fateful Drama of a Frisbee And a Student who must Confront a Cat in A Shark Tank',1,6,'2.99',73,'29.99','NC-17','Trailers','2023-07-28',0),(715,'RANGE MOONWALKER','A Insightful Documentary of a Hunter And a Dentist who must Confront a Crocodile in A Baloon',1,3,'4.99',147,'25.99','PG','Trailers,Commentaries,Deleted Scenes','2023-07-28',0),(716,'REAP UNFAITHFUL','A Thrilling Epistle of a Composer And a Sumo Wrestler who must Challenge a Mad Cow in A MySQL Convention',1,6,'2.99',136,'26.99','PG-13','Trailers,Commentaries','2023-07-28',0),(717,'REAR TRADING','A Awe-Inspiring Reflection of a Forensic Psychologist And a Secret Agent who must Succumb a Pastry Chef in Soviet Georgia',1,6,'0.99',97,'23.99','NC-17','Trailers,Commentaries,Deleted Scenes','2023-07-28',0),(718,'REBEL AIRPORT','A Intrepid Yarn of a Database Administrator And a Boat who must Outrace a Husband in Ancient India',1,7,'0.99',73,'24.99','G','Trailers,Behind the Scenes','2023-07-28',0),(719,'RECORDS ZORRO','A Amazing Drama of a Mad Scientist And a Composer who must Build a Husband in The Outback',1,7,'4.99',182,'11.99','PG','Behind the Scenes','2023-07-28',0),(720,'REDEMPTION COMFORTS','A Emotional Documentary of a Dentist And a Woman who must Battle a Mad Scientist in Ancient China',1,3,'2.99',179,'20.99','NC-17','Trailers,Deleted Scenes,Behind the Scenes','2023-07-28',0),(721,'REDS POCUS','A Lacklusture Yarn of a Sumo Wrestler And a Squirrel who must Redeem a Monkey in Soviet Georgia',1,7,'4.99',182,'23.99','PG-13','Trailers,Behind the Scenes','2023-07-28',0),(722,'REEF SALUTE','A Action-Packed Saga of a Teacher And a Lumberjack who must Battle a Dentist in A Baloon',1,5,'0.99',123,'26.99','NC-17','Behind the Scenes','2023-07-28',0),(723,'REIGN GENTLEMEN','A Emotional Yarn of a Composer And a Man who must Escape a Butler in The Gulf of Mexico',1,3,'2.99',82,'29.99','PG-13','Deleted Scenes,Behind the Scenes','2023-07-28',0),(724,'REMEMBER DIARY','A Insightful Tale of a Technical Writer And a Waitress who must Conquer a Monkey in Ancient India',1,5,'2.99',110,'15.99','R','Trailers,Commentaries','2023-07-28',0),(725,'REQUIEM TYCOON','A Unbelieveable Character Study of a Cat And a Database Administrator who must Pursue a Teacher in A Monastery',1,6,'4.99',167,'25.99','R','Trailers,Commentaries,Behind the Scenes','2023-07-28',0),(726,'RESERVOIR ADAPTATION','A Intrepid Drama of a Teacher And a Moose who must Kill a Car in California',1,7,'2.99',61,'29.99','PG-13','Commentaries','2023-07-28',0),(727,'RESURRECTION SILVERADO','A Epic Yarn of a Robot And a Explorer who must Challenge a Girl in A MySQL Convention',1,6,'0.99',117,'12.99','PG','Trailers,Deleted Scenes','2023-07-28',0),(728,'REUNION WITCHES','A Unbelieveable Documentary of a Database Administrator And a Frisbee who must Redeem a Mad Scientist in A Baloon Factory',1,3,'0.99',63,'26.99','R','Commentaries','2023-07-28',0),(729,'RIDER CADDYSHACK','A Taut Reflection of a Monkey And a Womanizer who must Chase a Moose in Nigeria',1,5,'2.99',177,'28.99','PG','Commentaries,Behind the Scenes','2023-07-28',0),(730,'RIDGEMONT SUBMARINE','A Unbelieveable Drama of a Waitress And a Composer who must Sink a Mad Cow in Ancient Japan',1,3,'0.99',46,'28.99','PG-13','Commentaries,Deleted Scenes,Behind the Scenes','2023-07-28',0),(731,'RIGHT CRANES','A Fateful Character Study of a Boat And a Cat who must Find a Database Administrator in A Jet Boat',1,7,'4.99',153,'29.99','PG-13','Trailers,Commentaries,Deleted Scenes','2023-07-28',0),(732,'RINGS HEARTBREAKERS','A Amazing Yarn of a Sumo Wrestler And a Boat who must Conquer a Waitress in New Orleans',1,5,'0.99',58,'17.99','G','Trailers,Commentaries,Behind the Scenes','2023-07-28',0),(733,'RIVER OUTLAW','A Thrilling Character Study of a Squirrel And a Lumberjack who must Face a Hunter in A MySQL Convention',1,4,'0.99',149,'29.99','PG-13','Commentaries','2023-07-28',0),(734,'ROAD ROXANNE','A Boring Character Study of a Waitress And a Astronaut who must Fight a Crocodile in Ancient Japan',1,4,'4.99',158,'12.99','R','Behind the Scenes','2023-07-28',0),(735,'ROBBERS JOON','A Thoughtful Story of a Mad Scientist And a Waitress who must Confront a Forensic Psychologist in Soviet Georgia',1,7,'2.99',102,'26.99','PG-13','Commentaries','2023-07-28',0),(736,'ROBBERY BRIGHT','A Taut Reflection of a Robot And a Squirrel who must Fight a Boat in Ancient Japan',1,4,'0.99',134,'21.99','R','Trailers','2023-07-28',0),(737,'ROCK INSTINCT','A Astounding Character Study of a Robot And a Moose who must Overcome a Astronaut in Ancient India',1,4,'0.99',102,'28.99','G','Trailers,Commentaries,Deleted Scenes,Behind the Scenes','2023-07-28',0),(738,'ROCKETEER MOTHER','A Awe-Inspiring Character Study of a Robot And a Sumo Wrestler who must Discover a Womanizer in A Shark Tank',1,3,'0.99',178,'27.99','PG-13','Deleted Scenes,Behind the Scenes','2023-07-28',0),(739,'ROCKY WAR','A Fast-Paced Display of a Squirrel And a Explorer who must Outgun a Mad Scientist in Nigeria',1,4,'4.99',145,'17.99','PG-13','Trailers,Commentaries,Behind the Scenes','2023-07-28',0),(740,'ROLLERCOASTER BRINGING','A Beautiful Drama of a Robot And a Lumberjack who must Discover a Technical Writer in A Shark Tank',1,5,'2.99',153,'13.99','PG-13','Trailers,Commentaries,Deleted Scenes','2023-07-28',0),(741,'ROMAN PUNK','A Thoughtful Panorama of a Mad Cow And a Student who must Battle a Forensic Psychologist in Berlin',1,7,'0.99',81,'28.99','NC-17','Trailers','2023-07-28',0),(742,'ROOF CHAMPION','A Lacklusture Reflection of a Car And a Explorer who must Find a Monkey in A Baloon',1,7,'0.99',101,'25.99','R','Deleted Scenes,Behind the Scenes','2023-07-28',0),(743,'ROOM ROMAN','A Awe-Inspiring Panorama of a Composer And a Secret Agent who must Sink a Composer in A Shark Tank',1,7,'0.99',60,'27.99','PG','Trailers,Deleted Scenes,Behind the Scenes','2023-07-28',0),(744,'ROOTS REMEMBER','A Brilliant Drama of a Mad Cow And a Hunter who must Escape a Hunter in Berlin',1,4,'0.99',89,'23.99','PG-13','Commentaries,Deleted Scenes,Behind the Scenes','2023-07-28',0),(745,'ROSES TREASURE','A Astounding Panorama of a Monkey And a Secret Agent who must Defeat a Woman in The First Manned Space Station',1,5,'4.99',162,'23.99','PG-13','Commentaries,Deleted Scenes,Behind the Scenes','2023-07-28',0),(746,'ROUGE SQUAD','A Awe-Inspiring Drama of a Astronaut And a Frisbee who must Conquer a Mad Scientist in Australia',1,3,'0.99',118,'10.99','NC-17','Commentaries,Deleted Scenes,Behind the Scenes','2023-07-28',0),(747,'ROXANNE REBEL','A Astounding Story of a Pastry Chef And a Database Administrator who must Fight a Man in The Outback',1,5,'0.99',171,'9.99','R','Deleted Scenes,Behind the Scenes','2023-07-28',0),(748,'RUGRATS SHAKESPEARE','A Touching Saga of a Crocodile And a Crocodile who must Discover a Technical Writer in Nigeria',1,4,'0.99',109,'16.99','PG-13','Trailers,Commentaries,Deleted Scenes,Behind the Scenes','2023-07-28',0),(749,'RULES HUMAN','A Beautiful Epistle of a Astronaut And a Student who must Confront a Monkey in An Abandoned Fun House',1,6,'4.99',153,'19.99','R','Deleted Scenes,Behind the Scenes','2023-07-28',0),(750,'RUN PACIFIC','A Touching Tale of a Cat And a Pastry Chef who must Conquer a Pastry Chef in A MySQL Convention',1,3,'0.99',145,'25.99','R','Commentaries,Deleted Scenes,Behind the Scenes','2023-07-28',0),(751,'RUNAWAY TENENBAUMS','A Thoughtful Documentary of a Boat And a Man who must Meet a Boat in An Abandoned Fun House',1,6,'0.99',181,'17.99','NC-17','Commentaries','2023-07-28',0),(752,'RUNNER MADIGAN','A Thoughtful Documentary of a Crocodile And a Robot who must Outrace a Womanizer in The Outback',1,6,'0.99',101,'27.99','NC-17','Commentaries,Deleted Scenes,Behind the Scenes','2023-07-28',0),(753,'RUSH GOODFELLAS','A Emotional Display of a Man And a Dentist who must Challenge a Squirrel in Australia',1,3,'0.99',48,'20.99','PG','Deleted Scenes','2023-07-28',0),(754,'RUSHMORE MERMAID','A Boring Story of a Woman And a Moose who must Reach a Husband in A Shark Tank',1,6,'2.99',150,'17.99','PG-13','Trailers,Commentaries,Deleted Scenes','2023-07-28',0),(755,'SABRINA MIDNIGHT','A Emotional Story of a Squirrel And a Crocodile who must Succumb a Husband in The Sahara Desert',1,5,'4.99',99,'11.99','PG','Trailers,Behind the Scenes','2023-07-28',0),(756,'SADDLE ANTITRUST','A Stunning Epistle of a Feminist And a A Shark who must Battle a Woman in An Abandoned Fun House',1,7,'2.99',80,'10.99','PG-13','Trailers,Deleted Scenes','2023-07-28',0),(757,'SAGEBRUSH CLUELESS','A Insightful Story of a Lumberjack And a Hunter who must Kill a Boy in Ancient Japan',1,4,'2.99',106,'28.99','G','Trailers','2023-07-28',0),(758,'SAINTS BRIDE','A Fateful Tale of a Technical Writer And a Composer who must Pursue a Explorer in The Gulf of Mexico',1,5,'2.99',125,'11.99','G','Deleted Scenes','2023-07-28',0),(759,'SALUTE APOLLO','A Awe-Inspiring Character Study of a Boy And a Feminist who must Sink a Crocodile in Ancient China',1,4,'2.99',73,'29.99','R','Trailers,Commentaries,Deleted Scenes,Behind the Scenes','2023-07-28',0),(760,'SAMURAI LION','A Fast-Paced Story of a Pioneer And a Astronaut who must Reach a Boat in A Baloon',1,5,'2.99',110,'21.99','G','Commentaries','2023-07-28',0),(761,'SANTA PARIS','A Emotional Documentary of a Moose And a Car who must Redeem a Mad Cow in A Baloon Factory',1,7,'2.99',154,'23.99','PG','Commentaries,Behind the Scenes','2023-07-28',0),(762,'SASSY PACKER','A Fast-Paced Documentary of a Dog And a Teacher who must Find a Moose in A Manhattan Penthouse',1,6,'0.99',154,'29.99','G','Deleted Scenes,Behind the Scenes','2023-07-28',0),(763,'SATISFACTION CONFIDENTIAL','A Lacklusture Yarn of a Dentist And a Butler who must Meet a Secret Agent in Ancient China',1,3,'4.99',75,'26.99','G','Commentaries,Deleted Scenes,Behind the Scenes','2023-07-28',0),(764,'SATURDAY LAMBS','A Thoughtful Reflection of a Mad Scientist And a Moose who must Kill a Husband in A Baloon',1,3,'4.99',150,'28.99','G','Commentaries,Deleted Scenes','2023-07-28',0),(765,'SATURN NAME','A Fateful Epistle of a Butler And a Boy who must Redeem a Teacher in Berlin',1,7,'4.99',182,'18.99','R','Trailers,Commentaries,Deleted Scenes,Behind the Scenes','2023-07-28',0),(766,'SAVANNAH TOWN','A Awe-Inspiring Tale of a Astronaut And a Database Administrator who must Chase a Secret Agent in The Gulf of Mexico',1,5,'0.99',84,'25.99','PG-13','Commentaries,Deleted Scenes,Behind the Scenes','2023-07-28',0),(767,'SCALAWAG DUCK','A Fateful Reflection of a Car And a Teacher who must Confront a Waitress in A Monastery',1,6,'4.99',183,'13.99','NC-17','Commentaries,Behind the Scenes','2023-07-28',0),(768,'SCARFACE BANG','A Emotional Yarn of a Teacher And a Girl who must Find a Teacher in A Baloon Factory',1,3,'4.99',102,'11.99','PG-13','Commentaries,Deleted Scenes','2023-07-28',0),(769,'SCHOOL JACKET','A Intrepid Yarn of a Monkey And a Boy who must Fight a Composer in A Manhattan Penthouse',1,5,'4.99',151,'21.99','PG-13','Trailers','2023-07-28',0),(770,'SCISSORHANDS SLUMS','A Awe-Inspiring Drama of a Girl And a Technical Writer who must Meet a Feminist in The Canadian Rockies',1,5,'2.99',147,'13.99','G','Commentaries,Deleted Scenes,Behind the Scenes','2023-07-28',0),(771,'SCORPION APOLLO','A Awe-Inspiring Documentary of a Technical Writer And a Husband who must Meet a Monkey in An Abandoned Fun House',1,3,'4.99',137,'23.99','NC-17','Commentaries,Deleted Scenes','2023-07-28',0),(772,'SEA VIRGIN','A Fast-Paced Documentary of a Technical Writer And a Pastry Chef who must Escape a Moose in A U-Boat',1,4,'2.99',80,'24.99','PG','Deleted Scenes','2023-07-28',0),(773,'SEABISCUIT PUNK','A Insightful Saga of a Man And a Forensic Psychologist who must Discover a Mad Cow in A MySQL Convention',1,6,'2.99',112,'28.99','NC-17','Commentaries,Deleted Scenes,Behind the Scenes','2023-07-28',0),(774,'SEARCHERS WAIT','A Fast-Paced Tale of a Car And a Mad Scientist who must Kill a Womanizer in Ancient Japan',1,3,'2.99',182,'22.99','NC-17','Trailers,Commentaries,Deleted Scenes,Behind the Scenes','2023-07-28',0),(775,'SEATTLE EXPECATIONS','A Insightful Reflection of a Crocodile And a Sumo Wrestler who must Meet a Technical Writer in The Sahara Desert',1,4,'4.99',110,'18.99','PG-13','Trailers','2023-07-28',0),(776,'SECRET GROUNDHOG','A Astounding Story of a Cat And a Database Administrator who must Build a Technical Writer in New Orleans',1,6,'4.99',90,'11.99','PG','Commentaries,Deleted Scenes','2023-07-28',0),(777,'SECRETARY ROUGE','A Action-Packed Panorama of a Mad Cow And a Composer who must Discover a Robot in A Baloon Factory',1,5,'4.99',158,'10.99','PG','Commentaries,Behind the Scenes','2023-07-28',0),(778,'SECRETS PARADISE','A Fateful Saga of a Cat And a Frisbee who must Kill a Girl in A Manhattan Penthouse',1,3,'4.99',109,'24.99','G','Trailers,Commentaries','2023-07-28',0),(779,'SENSE GREEK','A Taut Saga of a Lumberjack And a Pastry Chef who must Escape a Sumo Wrestler in An Abandoned Fun House',1,4,'4.99',54,'23.99','R','Deleted Scenes,Behind the Scenes','2023-07-28',0),(780,'SENSIBILITY REAR','A Emotional Tale of a Robot And a Sumo Wrestler who must Redeem a Pastry Chef in A Baloon Factory',1,7,'4.99',98,'15.99','PG','Behind the Scenes','2023-07-28',0),(781,'SEVEN SWARM','A Unbelieveable Character Study of a Dog And a Mad Cow who must Kill a Monkey in Berlin',1,4,'4.99',127,'15.99','R','Deleted Scenes','2023-07-28',0),(782,'SHAKESPEARE SADDLE','A Fast-Paced Panorama of a Lumberjack And a Database Administrator who must Defeat a Madman in A MySQL Convention',1,6,'2.99',60,'26.99','PG-13','Commentaries,Behind the Scenes','2023-07-28',0),(783,'SHANE DARKNESS','A Action-Packed Saga of a Moose And a Lumberjack who must Find a Woman in Berlin',1,5,'2.99',93,'22.99','PG','Commentaries,Deleted Scenes','2023-07-28',0),(784,'SHANGHAI TYCOON','A Fast-Paced Character Study of a Crocodile And a Lumberjack who must Build a Husband in An Abandoned Fun House',1,7,'2.99',47,'20.99','PG','Commentaries,Deleted Scenes,Behind the Scenes','2023-07-28',0),(785,'SHAWSHANK BUBBLE','A Lacklusture Story of a Moose And a Monkey who must Confront a Butler in An Abandoned Amusement Park',1,6,'4.99',80,'20.99','PG','Commentaries,Deleted Scenes','2023-07-28',0),(786,'SHEPHERD MIDSUMMER','A Thoughtful Drama of a Robot And a Womanizer who must Kill a Lumberjack in A Baloon',1,7,'0.99',113,'14.99','R','Deleted Scenes','2023-07-28',0),(787,'SHINING ROSES','A Awe-Inspiring Character Study of a Astronaut And a Forensic Psychologist who must Challenge a Madman in Ancient India',1,4,'0.99',125,'12.99','G','Trailers,Commentaries,Deleted Scenes,Behind the Scenes','2023-07-28',0),(788,'SHIP WONDERLAND','A Thrilling Saga of a Monkey And a Frisbee who must Escape a Explorer in The Outback',1,5,'2.99',104,'15.99','R','Commentaries','2023-07-28',0),(789,'SHOCK CABIN','A Fateful Tale of a Mad Cow And a Crocodile who must Meet a Husband in New Orleans',1,7,'2.99',79,'15.99','PG-13','Trailers,Commentaries,Behind the Scenes','2023-07-28',0),(790,'SHOOTIST SUPERFLY','A Fast-Paced Story of a Crocodile And a A Shark who must Sink a Pioneer in Berlin',1,6,'0.99',67,'22.99','PG-13','Trailers','2023-07-28',0),(791,'SHOW LORD','A Fanciful Saga of a Student And a Girl who must Find a Butler in Ancient Japan',1,3,'4.99',167,'24.99','PG-13','Deleted Scenes','2023-07-28',0),(792,'SHREK LICENSE','A Fateful Yarn of a Secret Agent And a Feminist who must Find a Feminist in A Jet Boat',1,7,'2.99',154,'15.99','PG-13','Commentaries','2023-07-28',0),(793,'SHRUNK DIVINE','A Fateful Character Study of a Waitress And a Technical Writer who must Battle a Hunter in A Baloon',1,6,'2.99',139,'14.99','R','Trailers,Deleted Scenes,Behind the Scenes','2023-07-28',0),(794,'SIDE ARK','A Stunning Panorama of a Crocodile And a Womanizer who must Meet a Feminist in The Canadian Rockies',1,5,'0.99',52,'28.99','G','Deleted Scenes,Behind the Scenes','2023-07-28',0),(795,'SIEGE MADRE','A Boring Tale of a Frisbee And a Crocodile who must Vanquish a Moose in An Abandoned Mine Shaft',1,7,'0.99',111,'23.99','R','Trailers,Deleted Scenes','2023-07-28',0),(796,'SIERRA DIVIDE','A Emotional Character Study of a Frisbee And a Mad Scientist who must Build a Madman in California',1,3,'0.99',135,'12.99','NC-17','Commentaries,Deleted Scenes','2023-07-28',0),(797,'SILENCE KANE','A Emotional Drama of a Sumo Wrestler And a Dentist who must Confront a Sumo Wrestler in A Baloon',1,7,'0.99',67,'23.99','R','Trailers,Deleted Scenes,Behind the Scenes','2023-07-28',0),(798,'SILVERADO GOLDFINGER','A Stunning Epistle of a Sumo Wrestler And a Man who must Challenge a Waitress in Ancient India',1,4,'4.99',74,'11.99','PG','Trailers,Commentaries','2023-07-28',0),(799,'SIMON NORTH','A Thrilling Documentary of a Technical Writer And a A Shark who must Face a Pioneer in A Shark Tank',1,3,'0.99',51,'26.99','NC-17','Trailers,Commentaries','2023-07-28',0),(800,'SINNERS ATLANTIS','A Epic Display of a Dog And a Boat who must Succumb a Mad Scientist in An Abandoned Mine Shaft',1,7,'2.99',126,'19.99','PG-13','Trailers,Commentaries,Deleted Scenes','2023-07-28',0),(801,'SISTER FREDDY','A Stunning Saga of a Butler And a Woman who must Pursue a Explorer in Australia',1,5,'4.99',152,'19.99','PG-13','Trailers,Behind the Scenes','2023-07-28',0),(802,'SKY MIRACLE','A Epic Drama of a Mad Scientist And a Explorer who must Succumb a Waitress in An Abandoned Fun House',1,7,'2.99',132,'15.99','PG','Trailers,Commentaries,Deleted Scenes','2023-07-28',0),(803,'SLACKER LIAISONS','A Fast-Paced Tale of a A Shark And a Student who must Meet a Crocodile in Ancient China',1,7,'4.99',179,'29.99','R','Trailers,Commentaries,Behind the Scenes','2023-07-28',0),(804,'SLEEPING SUSPECTS','A Stunning Reflection of a Sumo Wrestler And a Explorer who must Sink a Frisbee in A MySQL Convention',1,7,'4.99',129,'13.99','PG-13','Trailers,Commentaries','2023-07-28',0),(805,'SLEEPLESS MONSOON','A Amazing Saga of a Moose And a Pastry Chef who must Escape a Butler in Australia',1,5,'4.99',64,'12.99','G','Trailers,Deleted Scenes,Behind the Scenes','2023-07-28',0),(806,'SLEEPY JAPANESE','A Emotional Epistle of a Moose And a Composer who must Fight a Technical Writer in The Outback',1,4,'2.99',137,'25.99','PG','Trailers,Commentaries,Deleted Scenes','2023-07-28',0),(807,'SLEUTH ORIENT','A Fateful Character Study of a Husband And a Dog who must Find a Feminist in Ancient India',1,4,'0.99',87,'25.99','NC-17','Deleted Scenes,Behind the Scenes','2023-07-28',0),(808,'SLING LUKE','A Intrepid Character Study of a Robot And a Monkey who must Reach a Secret Agent in An Abandoned Amusement Park',1,5,'0.99',84,'10.99','R','Behind the Scenes','2023-07-28',0),(809,'SLIPPER FIDELITY','A Taut Reflection of a Secret Agent And a Man who must Redeem a Explorer in A MySQL Convention',1,5,'0.99',156,'14.99','PG-13','Trailers,Deleted Scenes','2023-07-28',0),(810,'SLUMS DUCK','A Amazing Character Study of a Teacher And a Database Administrator who must Defeat a Waitress in A Jet Boat',1,5,'0.99',147,'21.99','PG','Commentaries,Deleted Scenes,Behind the Scenes','2023-07-28',0),(811,'SMILE EARRING','A Intrepid Drama of a Teacher And a Butler who must Build a Pastry Chef in Berlin',1,4,'2.99',60,'29.99','G','Commentaries,Behind the Scenes','2023-07-28',0),(812,'SMOKING BARBARELLA','A Lacklusture Saga of a Mad Cow And a Mad Scientist who must Sink a Cat in A MySQL Convention',1,7,'0.99',50,'13.99','PG-13','Behind the Scenes','2023-07-28',0),(813,'SMOOCHY CONTROL','A Thrilling Documentary of a Husband And a Feminist who must Face a Mad Scientist in Ancient China',1,7,'0.99',184,'18.99','R','Behind the Scenes','2023-07-28',0),(814,'SNATCH SLIPPER','A Insightful Panorama of a Woman And a Feminist who must Defeat a Forensic Psychologist in Berlin',1,6,'4.99',110,'15.99','PG','Commentaries','2023-07-28',0),(815,'SNATCHERS MONTEZUMA','A Boring Epistle of a Sumo Wrestler And a Woman who must Escape a Man in The Canadian Rockies',1,4,'2.99',74,'14.99','PG-13','Commentaries','2023-07-28',0),(816,'SNOWMAN ROLLERCOASTER','A Fateful Display of a Lumberjack And a Girl who must Succumb a Mad Cow in A Manhattan Penthouse',1,3,'0.99',62,'27.99','G','Trailers','2023-07-28',0),(817,'SOLDIERS EVOLUTION','A Lacklusture Panorama of a A Shark And a Pioneer who must Confront a Student in The First Manned Space Station',1,7,'4.99',185,'27.99','R','Trailers,Commentaries,Deleted Scenes,Behind the Scenes','2023-07-28',0),(818,'SOMETHING DUCK','A Boring Character Study of a Car And a Husband who must Outgun a Frisbee in The First Manned Space Station',1,4,'4.99',180,'17.99','NC-17','Commentaries,Behind the Scenes','2023-07-28',0),(819,'SONG HEDWIG','A Amazing Documentary of a Man And a Husband who must Confront a Squirrel in A MySQL Convention',1,3,'0.99',165,'29.99','PG-13','Trailers,Deleted Scenes','2023-07-28',0),(820,'SONS INTERVIEW','A Taut Character Study of a Explorer And a Mad Cow who must Battle a Hunter in Ancient China',1,3,'2.99',184,'11.99','NC-17','Commentaries,Behind the Scenes','2023-07-28',0),(821,'SORORITY QUEEN','A Fast-Paced Display of a Squirrel And a Composer who must Fight a Forensic Psychologist in A Jet Boat',1,6,'0.99',184,'17.99','NC-17','Trailers,Deleted Scenes','2023-07-28',0),(822,'SOUP WISDOM','A Fast-Paced Display of a Robot And a Butler who must Defeat a Butler in A MySQL Convention',1,6,'0.99',169,'12.99','R','Behind the Scenes','2023-07-28',0),(823,'SOUTH WAIT','A Amazing Documentary of a Car And a Robot who must Escape a Lumberjack in An Abandoned Amusement Park',1,4,'2.99',143,'21.99','R','Commentaries,Behind the Scenes','2023-07-28',0),(824,'SPARTACUS CHEAPER','A Thrilling Panorama of a Pastry Chef And a Secret Agent who must Overcome a Student in A Manhattan Penthouse',1,4,'4.99',52,'19.99','NC-17','Deleted Scenes,Behind the Scenes','2023-07-28',0),(825,'SPEAKEASY DATE','A Lacklusture Drama of a Forensic Psychologist And a Car who must Redeem a Man in A Manhattan Penthouse',1,6,'2.99',165,'22.99','PG-13','Deleted Scenes,Behind the Scenes','2023-07-28',0),(826,'SPEED SUIT','A Brilliant Display of a Frisbee And a Mad Scientist who must Succumb a Robot in Ancient China',1,7,'4.99',124,'19.99','PG-13','Commentaries,Behind the Scenes','2023-07-28',0),(827,'SPICE SORORITY','A Fateful Display of a Pioneer And a Hunter who must Defeat a Husband in An Abandoned Mine Shaft',1,5,'4.99',141,'22.99','NC-17','Trailers,Commentaries,Deleted Scenes,Behind the Scenes','2023-07-28',0),(828,'SPIKING ELEMENT','A Lacklusture Epistle of a Dentist And a Technical Writer who must Find a Dog in A Monastery',1,7,'2.99',79,'12.99','G','Trailers,Deleted Scenes,Behind the Scenes','2023-07-28',0),(829,'SPINAL ROCKY','A Lacklusture Epistle of a Sumo Wrestler And a Squirrel who must Defeat a Explorer in California',1,7,'2.99',138,'12.99','PG-13','Commentaries,Deleted Scenes','2023-07-28',0),(830,'SPIRIT FLINTSTONES','A Brilliant Yarn of a Cat And a Car who must Confront a Explorer in Ancient Japan',1,7,'0.99',149,'23.99','R','Commentaries,Deleted Scenes','2023-07-28',0),(831,'SPIRITED CASUALTIES','A Taut Story of a Waitress And a Man who must Face a Car in A Baloon Factory',1,5,'0.99',138,'20.99','PG-13','Commentaries,Behind the Scenes','2023-07-28',0),(832,'SPLASH GUMP','A Taut Saga of a Crocodile And a Boat who must Conquer a Hunter in A Shark Tank',1,5,'0.99',175,'16.99','PG','Trailers,Commentaries,Deleted Scenes,Behind the Scenes','2023-07-28',0),(833,'SPLENDOR PATTON','A Taut Story of a Dog And a Explorer who must Find a Astronaut in Berlin',1,5,'0.99',134,'20.99','R','Trailers,Commentaries,Deleted Scenes,Behind the Scenes','2023-07-28',0),(834,'SPOILERS HELLFIGHTERS','A Fanciful Story of a Technical Writer And a Squirrel who must Defeat a Dog in The Gulf of Mexico',1,4,'0.99',151,'26.99','G','Trailers,Commentaries,Deleted Scenes,Behind the Scenes','2023-07-28',0),(835,'SPY MILE','A Thrilling Documentary of a Feminist And a Feminist who must Confront a Feminist in A Baloon',1,6,'2.99',112,'13.99','PG-13','Trailers,Commentaries,Deleted Scenes,Behind the Scenes','2023-07-28',0),(836,'SQUAD FISH','A Fast-Paced Display of a Pastry Chef And a Dog who must Kill a Teacher in Berlin',1,3,'2.99',136,'14.99','PG','Commentaries,Deleted Scenes,Behind the Scenes','2023-07-28',0),(837,'STAGE WORLD','A Lacklusture Panorama of a Woman And a Frisbee who must Chase a Crocodile in A Jet Boat',1,4,'2.99',85,'19.99','PG','Commentaries,Behind the Scenes','2023-07-28',0),(838,'STAGECOACH ARMAGEDDON','A Touching Display of a Pioneer And a Butler who must Chase a Car in California',1,5,'4.99',112,'25.99','R','Trailers,Deleted Scenes','2023-07-28',0),(839,'STALLION SUNDANCE','A Fast-Paced Tale of a Car And a Dog who must Outgun a A Shark in Australia',1,5,'0.99',130,'23.99','PG-13','Deleted Scenes,Behind the Scenes','2023-07-28',0),(840,'STAMPEDE DISTURBING','A Unbelieveable Tale of a Woman And a Lumberjack who must Fight a Frisbee in A U-Boat',1,5,'0.99',75,'26.99','R','Commentaries,Deleted Scenes,Behind the Scenes','2023-07-28',0),(841,'STAR OPERATION','A Insightful Character Study of a Girl And a Car who must Pursue a Mad Cow in A Shark Tank',1,5,'2.99',181,'9.99','PG','Commentaries','2023-07-28',0),(842,'STATE WASTELAND','A Beautiful Display of a Cat And a Pastry Chef who must Outrace a Mad Cow in A Jet Boat',1,4,'2.99',113,'13.99','NC-17','Trailers,Commentaries,Deleted Scenes,Behind the Scenes','2023-07-28',0),(843,'STEEL SANTA','A Fast-Paced Yarn of a Composer And a Frisbee who must Face a Moose in Nigeria',1,4,'4.99',143,'15.99','NC-17','Commentaries,Deleted Scenes','2023-07-28',0),(844,'STEERS ARMAGEDDON','A Stunning Character Study of a Car And a Girl who must Succumb a Car in A MySQL Convention',1,6,'4.99',140,'16.99','PG','Trailers,Commentaries,Deleted Scenes,Behind the Scenes','2023-07-28',0),(845,'STEPMOM DREAM','A Touching Epistle of a Crocodile And a Teacher who must Build a Forensic Psychologist in A MySQL Convention',1,7,'4.99',48,'9.99','NC-17','Deleted Scenes,Behind the Scenes','2023-07-28',0),(846,'STING PERSONAL','A Fanciful Drama of a Frisbee And a Dog who must Fight a Madman in A Jet Boat',1,3,'4.99',93,'9.99','NC-17','Commentaries,Deleted Scenes,Behind the Scenes','2023-07-28',0),(847,'STOCK GLASS','A Boring Epistle of a Crocodile And a Lumberjack who must Outgun a Moose in Ancient China',1,7,'2.99',160,'10.99','PG','Commentaries','2023-07-28',0),(848,'STONE FIRE','A Intrepid Drama of a Astronaut And a Crocodile who must Find a Boat in Soviet Georgia',1,3,'0.99',94,'19.99','G','Trailers','2023-07-28',0),(849,'STORM HAPPINESS','A Insightful Drama of a Feminist And a A Shark who must Vanquish a Boat in A Shark Tank',1,6,'0.99',57,'28.99','NC-17','Trailers,Commentaries,Behind the Scenes','2023-07-28',0),(850,'STORY SIDE','A Lacklusture Saga of a Boy And a Cat who must Sink a Dentist in An Abandoned Mine Shaft',1,7,'0.99',163,'27.99','R','Trailers,Behind the Scenes','2023-07-28',0),(851,'STRAIGHT HOURS','A Boring Panorama of a Secret Agent And a Girl who must Sink a Waitress in The Outback',1,3,'0.99',151,'19.99','R','Commentaries,Behind the Scenes','2023-07-28',0),(852,'STRANGELOVE DESIRE','A Awe-Inspiring Panorama of a Lumberjack And a Waitress who must Defeat a Crocodile in An Abandoned Amusement Park',1,4,'0.99',103,'27.99','NC-17','Trailers,Commentaries,Deleted Scenes','2023-07-28',0),(853,'STRANGER STRANGERS','A Awe-Inspiring Yarn of a Womanizer And a Explorer who must Fight a Woman in The First Manned Space Station',1,3,'4.99',139,'12.99','G','Commentaries,Deleted Scenes','2023-07-28',0),(854,'STRANGERS GRAFFITI','A Brilliant Character Study of a Secret Agent And a Man who must Find a Cat in The Gulf of Mexico',1,4,'4.99',119,'22.99','R','Trailers,Behind the Scenes','2023-07-28',0),(855,'STREAK RIDGEMONT','A Astounding Character Study of a Hunter And a Waitress who must Sink a Man in New Orleans',1,7,'0.99',132,'28.99','PG-13','Trailers,Behind the Scenes','2023-07-28',0),(856,'STREETCAR INTENTIONS','A Insightful Character Study of a Waitress And a Crocodile who must Sink a Waitress in The Gulf of Mexico',1,5,'4.99',73,'11.99','R','Commentaries','2023-07-28',0),(857,'STRICTLY SCARFACE','A Touching Reflection of a Crocodile And a Dog who must Chase a Hunter in An Abandoned Fun House',1,3,'2.99',144,'24.99','PG-13','Commentaries,Deleted Scenes,Behind the Scenes','2023-07-28',0),(858,'SUBMARINE BED','A Amazing Display of a Car And a Monkey who must Fight a Teacher in Soviet Georgia',1,5,'4.99',127,'21.99','R','Trailers','2023-07-28',0),(859,'SUGAR WONKA','A Touching Story of a Dentist And a Database Administrator who must Conquer a Astronaut in An Abandoned Amusement Park',1,3,'4.99',114,'20.99','PG','Trailers,Commentaries,Behind the Scenes','2023-07-28',0),(860,'SUICIDES SILENCE','A Emotional Character Study of a Car And a Girl who must Face a Composer in A U-Boat',1,4,'4.99',93,'13.99','G','Deleted Scenes','2023-07-28',0),(861,'SUIT WALLS','A Touching Panorama of a Lumberjack And a Frisbee who must Build a Dog in Australia',1,3,'4.99',111,'12.99','R','Commentaries','2023-07-28',0),(862,'SUMMER SCARFACE','A Emotional Panorama of a Lumberjack And a Hunter who must Meet a Girl in A Shark Tank',1,5,'0.99',53,'25.99','G','Deleted Scenes,Behind the Scenes','2023-07-28',0),(863,'SUN CONFESSIONS','A Beautiful Display of a Mad Cow And a Dog who must Redeem a Waitress in An Abandoned Amusement Park',1,5,'0.99',141,'9.99','R','Trailers,Behind the Scenes','2023-07-28',0),(864,'SUNDANCE INVASION','A Epic Drama of a Lumberjack And a Explorer who must Confront a Hunter in A Baloon Factory',1,5,'0.99',92,'21.99','NC-17','Commentaries,Behind the Scenes','2023-07-28',0),(865,'SUNRISE LEAGUE','A Beautiful Epistle of a Madman And a Butler who must Face a Crocodile in A Manhattan Penthouse',1,3,'4.99',135,'19.99','PG-13','Behind the Scenes','2023-07-28',0),(866,'SUNSET RACER','A Awe-Inspiring Reflection of a Astronaut And a A Shark who must Defeat a Forensic Psychologist in California',1,6,'0.99',48,'28.99','NC-17','Commentaries,Behind the Scenes','2023-07-28',0),(867,'SUPER WYOMING','A Action-Packed Saga of a Pastry Chef And a Explorer who must Discover a A Shark in The Outback',1,5,'4.99',58,'10.99','PG','Trailers,Commentaries,Behind the Scenes','2023-07-28',0),(868,'SUPERFLY TRIP','A Beautiful Saga of a Lumberjack And a Teacher who must Build a Technical Writer in An Abandoned Fun House',1,5,'0.99',114,'27.99','PG','Commentaries,Behind the Scenes','2023-07-28',0),(869,'SUSPECTS QUILLS','A Emotional Epistle of a Pioneer And a Crocodile who must Battle a Man in A Manhattan Penthouse',1,4,'2.99',47,'22.99','PG','Trailers','2023-07-28',0),(870,'SWARM GOLD','A Insightful Panorama of a Crocodile And a Boat who must Conquer a Sumo Wrestler in A MySQL Convention',1,4,'0.99',123,'12.99','PG-13','Trailers,Commentaries','2023-07-28',0),(871,'SWEDEN SHINING','A Taut Documentary of a Car And a Robot who must Conquer a Boy in The Canadian Rockies',1,6,'4.99',176,'19.99','PG','Deleted Scenes,Behind the Scenes','2023-07-28',0),(872,'SWEET BROTHERHOOD','A Unbelieveable Epistle of a Sumo Wrestler And a Hunter who must Chase a Forensic Psychologist in A Baloon',1,3,'2.99',185,'27.99','R','Deleted Scenes','2023-07-28',0),(873,'SWEETHEARTS SUSPECTS','A Brilliant Character Study of a Frisbee And a Sumo Wrestler who must Confront a Woman in The Gulf of Mexico',1,3,'0.99',108,'13.99','G','Trailers,Commentaries,Deleted Scenes,Behind the Scenes','2023-07-28',0),(874,'TADPOLE PARK','A Beautiful Tale of a Frisbee And a Moose who must Vanquish a Dog in An Abandoned Amusement Park',1,6,'2.99',155,'13.99','PG','Trailers,Commentaries','2023-07-28',0),(875,'TALENTED HOMICIDE','A Lacklusture Panorama of a Dentist And a Forensic Psychologist who must Outrace a Pioneer in A U-Boat',1,6,'0.99',173,'9.99','PG','Commentaries,Deleted Scenes,Behind the Scenes','2023-07-28',0),(876,'TARZAN VIDEOTAPE','A Fast-Paced Display of a Lumberjack And a Mad Scientist who must Succumb a Sumo Wrestler in The Sahara Desert',1,3,'2.99',91,'11.99','PG-13','Trailers','2023-07-28',0),(877,'TAXI KICK','A Amazing Epistle of a Girl And a Woman who must Outrace a Waitress in Soviet Georgia',1,4,'0.99',64,'23.99','PG-13','Commentaries,Deleted Scenes','2023-07-28',0),(878,'TEEN APOLLO','A Awe-Inspiring Drama of a Dog And a Man who must Escape a Robot in A Shark Tank',1,3,'4.99',74,'25.99','G','Trailers,Deleted Scenes,Behind the Scenes','2023-07-28',0),(879,'TELEGRAPH VOYAGE','A Fateful Yarn of a Husband And a Dog who must Battle a Waitress in A Jet Boat',1,3,'4.99',148,'20.99','PG','Commentaries','2023-07-28',0),(880,'TELEMARK HEARTBREAKERS','A Action-Packed Panorama of a Technical Writer And a Man who must Build a Forensic Psychologist in A Manhattan Penthouse',1,6,'2.99',152,'9.99','PG-13','Trailers,Commentaries,Deleted Scenes,Behind the Scenes','2023-07-28',0),(881,'TEMPLE ATTRACTION','A Action-Packed Saga of a Forensic Psychologist And a Woman who must Battle a Womanizer in Soviet Georgia',1,5,'4.99',71,'13.99','PG','Commentaries,Deleted Scenes','2023-07-28',0),(882,'TENENBAUMS COMMAND','A Taut Display of a Pioneer And a Man who must Reach a Girl in The Gulf of Mexico',1,4,'0.99',99,'24.99','PG-13','Trailers,Commentaries','2023-07-28',0),(883,'TEQUILA PAST','A Action-Packed Panorama of a Mad Scientist And a Robot who must Challenge a Student in Nigeria',1,6,'4.99',53,'17.99','PG','Commentaries,Behind the Scenes','2023-07-28',0),(884,'TERMINATOR CLUB','A Touching Story of a Crocodile And a Girl who must Sink a Man in The Gulf of Mexico',1,5,'4.99',88,'11.99','R','Trailers,Deleted Scenes,Behind the Scenes','2023-07-28',0),(885,'TEXAS WATCH','A Awe-Inspiring Yarn of a Student And a Teacher who must Fight a Teacher in An Abandoned Amusement Park',1,7,'0.99',179,'22.99','NC-17','Trailers','2023-07-28',0),(886,'THEORY MERMAID','A Fateful Yarn of a Composer And a Monkey who must Vanquish a Womanizer in The First Manned Space Station',1,5,'0.99',184,'9.99','PG-13','Deleted Scenes,Behind the Scenes','2023-07-28',0),(887,'THIEF PELICAN','A Touching Documentary of a Madman And a Mad Scientist who must Outrace a Feminist in An Abandoned Mine Shaft',1,5,'4.99',135,'28.99','PG-13','Deleted Scenes,Behind the Scenes','2023-07-28',0),(888,'THIN SAGEBRUSH','A Emotional Drama of a Husband And a Lumberjack who must Build a Cat in Ancient India',1,5,'4.99',53,'9.99','PG-13','Behind the Scenes','2023-07-28',0),(889,'TIES HUNGER','A Insightful Saga of a Astronaut And a Explorer who must Pursue a Mad Scientist in A U-Boat',1,3,'4.99',111,'28.99','R','Deleted Scenes','2023-07-28',0),(890,'TIGHTS DAWN','A Thrilling Epistle of a Boat And a Secret Agent who must Face a Boy in A Baloon',1,5,'0.99',172,'14.99','R','Trailers,Behind the Scenes','2023-07-28',0),(891,'TIMBERLAND SKY','A Boring Display of a Man And a Dog who must Redeem a Girl in A U-Boat',1,3,'0.99',69,'13.99','G','Commentaries','2023-07-28',0),(892,'TITANIC BOONDOCK','A Brilliant Reflection of a Feminist And a Dog who must Fight a Boy in A Baloon Factory',1,3,'4.99',104,'18.99','R','Trailers,Commentaries,Deleted Scenes,Behind the Scenes','2023-07-28',0),(893,'TITANS JERK','A Unbelieveable Panorama of a Feminist And a Sumo Wrestler who must Challenge a Technical Writer in Ancient China',1,4,'4.99',91,'11.99','PG','Behind the Scenes','2023-07-28',0),(894,'TOMATOES HELLFIGHTERS','A Thoughtful Epistle of a Madman And a Astronaut who must Overcome a Monkey in A Shark Tank',1,6,'0.99',68,'23.99','PG','Behind the Scenes','2023-07-28',0),(895,'TOMORROW HUSTLER','A Thoughtful Story of a Moose And a Husband who must Face a Secret Agent in The Sahara Desert',1,3,'2.99',142,'21.99','R','Commentaries','2023-07-28',0),(896,'TOOTSIE PILOT','A Awe-Inspiring Documentary of a Womanizer And a Pastry Chef who must Kill a Lumberjack in Berlin',1,3,'0.99',157,'10.99','PG','Commentaries,Deleted Scenes,Behind the Scenes','2023-07-28',0),(897,'TORQUE BOUND','A Emotional Display of a Crocodile And a Husband who must Reach a Man in Ancient Japan',1,3,'4.99',179,'27.99','G','Trailers,Commentaries','2023-07-28',0),(898,'TOURIST PELICAN','A Boring Story of a Butler And a Astronaut who must Outrace a Pioneer in Australia',1,4,'4.99',152,'18.99','PG-13','Deleted Scenes','2023-07-28',0),(899,'TOWERS HURRICANE','A Fateful Display of a Monkey And a Car who must Sink a Husband in A MySQL Convention',1,7,'0.99',144,'14.99','NC-17','Commentaries,Behind the Scenes','2023-07-28',0),(900,'TOWN ARK','A Awe-Inspiring Documentary of a Moose And a Madman who must Meet a Dog in An Abandoned Mine Shaft',1,6,'2.99',136,'17.99','R','Behind the Scenes','2023-07-28',0),(901,'TRACY CIDER','A Touching Reflection of a Database Administrator And a Madman who must Build a Lumberjack in Nigeria',1,3,'0.99',142,'29.99','G','Trailers,Commentaries,Behind the Scenes','2023-07-28',0),(902,'TRADING PINOCCHIO','A Emotional Character Study of a Student And a Explorer who must Discover a Frisbee in The First Manned Space Station',1,6,'4.99',170,'22.99','PG','Trailers,Deleted Scenes,Behind the Scenes','2023-07-28',0),(903,'TRAFFIC HOBBIT','A Amazing Epistle of a Squirrel And a Lumberjack who must Succumb a Database Administrator in A U-Boat',1,5,'4.99',139,'13.99','G','Trailers,Commentaries','2023-07-28',0),(904,'TRAIN BUNCH','A Thrilling Character Study of a Robot And a Squirrel who must Face a Dog in Ancient India',1,3,'4.99',71,'26.99','R','Trailers,Deleted Scenes','2023-07-28',0),(905,'TRAINSPOTTING STRANGERS','A Fast-Paced Drama of a Pioneer And a Mad Cow who must Challenge a Madman in Ancient Japan',1,7,'4.99',132,'10.99','PG-13','Trailers','2023-07-28',0),(906,'TRAMP OTHERS','A Brilliant Display of a Composer And a Cat who must Succumb a A Shark in Ancient India',1,4,'0.99',171,'27.99','PG','Deleted Scenes','2023-07-28',0),(907,'TRANSLATION SUMMER','A Touching Reflection of a Man And a Monkey who must Pursue a Womanizer in A MySQL Convention',1,4,'0.99',168,'10.99','PG-13','Trailers','2023-07-28',0),(908,'TRAP GUYS','A Unbelieveable Story of a Boy And a Mad Cow who must Challenge a Database Administrator in The Sahara Desert',1,3,'4.99',110,'11.99','G','Commentaries,Behind the Scenes','2023-07-28',0),(909,'TREASURE COMMAND','A Emotional Saga of a Car And a Madman who must Discover a Pioneer in California',1,3,'0.99',102,'28.99','PG-13','Trailers,Commentaries,Deleted Scenes,Behind the Scenes','2023-07-28',0),(910,'TREATMENT JEKYLL','A Boring Story of a Teacher And a Student who must Outgun a Cat in An Abandoned Mine Shaft',1,3,'0.99',87,'19.99','PG','Trailers,Deleted Scenes,Behind the Scenes','2023-07-28',0),(911,'TRIP NEWTON','A Fanciful Character Study of a Lumberjack And a Car who must Discover a Cat in An Abandoned Amusement Park',1,7,'4.99',64,'14.99','PG-13','Commentaries,Deleted Scenes','2023-07-28',0),(912,'TROJAN TOMORROW','A Astounding Panorama of a Husband And a Sumo Wrestler who must Pursue a Boat in Ancient India',1,3,'2.99',52,'9.99','PG','Commentaries,Deleted Scenes','2023-07-28',0),(913,'TROOPERS METAL','A Fanciful Drama of a Monkey And a Feminist who must Sink a Man in Berlin',1,3,'0.99',115,'20.99','R','Deleted Scenes,Behind the Scenes','2023-07-28',0),(914,'TROUBLE DATE','A Lacklusture Panorama of a Forensic Psychologist And a Woman who must Kill a Explorer in Ancient Japan',1,6,'2.99',61,'13.99','PG','Trailers,Commentaries,Behind the Scenes','2023-07-28',0),(915,'TRUMAN CRAZY','A Thrilling Epistle of a Moose And a Boy who must Meet a Database Administrator in A Monastery',1,7,'4.99',92,'9.99','G','Trailers,Commentaries','2023-07-28',0),(916,'TURN STAR','A Stunning Tale of a Man And a Monkey who must Chase a Student in New Orleans',1,3,'2.99',80,'10.99','G','Commentaries,Behind the Scenes','2023-07-28',0),(917,'TUXEDO MILE','A Boring Drama of a Man And a Forensic Psychologist who must Face a Frisbee in Ancient India',1,3,'2.99',152,'24.99','R','Commentaries,Deleted Scenes,Behind the Scenes','2023-07-28',0),(918,'TWISTED PIRATES','A Touching Display of a Frisbee And a Boat who must Kill a Girl in A MySQL Convention',1,4,'4.99',152,'23.99','PG','Trailers,Commentaries,Deleted Scenes','2023-07-28',0),(919,'TYCOON GATHERING','A Emotional Display of a Husband And a A Shark who must Succumb a Madman in A Manhattan Penthouse',1,3,'4.99',82,'17.99','G','Trailers,Commentaries,Deleted Scenes','2023-07-28',0),(920,'UNBREAKABLE KARATE','A Amazing Character Study of a Robot And a Student who must Chase a Robot in Australia',1,3,'0.99',62,'16.99','G','Deleted Scenes,Behind the Scenes','2023-07-28',0),(921,'UNCUT SUICIDES','A Intrepid Yarn of a Explorer And a Pastry Chef who must Pursue a Mad Cow in A U-Boat',1,7,'2.99',172,'29.99','PG-13','Trailers,Commentaries,Behind the Scenes','2023-07-28',0),(922,'UNDEFEATED DALMATIONS','A Unbelieveable Display of a Crocodile And a Feminist who must Overcome a Moose in An Abandoned Amusement Park',1,7,'4.99',107,'22.99','PG-13','Commentaries','2023-07-28',0),(923,'UNFAITHFUL KILL','A Taut Documentary of a Waitress And a Mad Scientist who must Battle a Technical Writer in New Orleans',1,7,'2.99',78,'12.99','R','Commentaries,Deleted Scenes','2023-07-28',0),(924,'UNFORGIVEN ZOOLANDER','A Taut Epistle of a Monkey And a Sumo Wrestler who must Vanquish a A Shark in A Baloon Factory',1,7,'0.99',129,'15.99','PG','Trailers,Commentaries,Behind the Scenes','2023-07-28',0),(925,'UNITED PILOT','A Fast-Paced Reflection of a Cat And a Mad Cow who must Fight a Car in The Sahara Desert',1,3,'0.99',164,'27.99','R','Trailers,Deleted Scenes','2023-07-28',0),(926,'UNTOUCHABLES SUNRISE','A Amazing Documentary of a Woman And a Astronaut who must Outrace a Teacher in An Abandoned Fun House',1,5,'2.99',120,'11.99','NC-17','Trailers,Deleted Scenes','2023-07-28',0),(927,'UPRISING UPTOWN','A Fanciful Reflection of a Boy And a Butler who must Pursue a Woman in Berlin',1,6,'2.99',174,'16.99','NC-17','Trailers,Behind the Scenes','2023-07-28',0),(928,'UPTOWN YOUNG','A Fateful Documentary of a Dog And a Hunter who must Pursue a Teacher in An Abandoned Amusement Park',1,5,'2.99',84,'16.99','PG','Commentaries','2023-07-28',0),(929,'USUAL UNTOUCHABLES','A Touching Display of a Explorer And a Lumberjack who must Fight a Forensic Psychologist in A Shark Tank',1,5,'4.99',128,'21.99','PG-13','Trailers,Commentaries,Behind the Scenes','2023-07-28',0),(930,'VACATION BOONDOCK','A Fanciful Character Study of a Secret Agent And a Mad Scientist who must Reach a Teacher in Australia',1,4,'2.99',145,'23.99','R','Commentaries','2023-07-28',0),(931,'VALENTINE VANISHING','A Thrilling Display of a Husband And a Butler who must Reach a Pastry Chef in California',1,7,'0.99',48,'9.99','PG-13','Trailers,Behind the Scenes','2023-07-28',0),(932,'VALLEY PACKER','A Astounding Documentary of a Astronaut And a Boy who must Outrace a Sumo Wrestler in Berlin',1,3,'0.99',73,'21.99','G','Commentaries,Deleted Scenes','2023-07-28',0),(933,'VAMPIRE WHALE','A Epic Story of a Lumberjack And a Monkey who must Confront a Pioneer in A MySQL Convention',1,4,'4.99',126,'11.99','NC-17','Trailers,Commentaries','2023-07-28',0),(934,'VANILLA DAY','A Fast-Paced Saga of a Girl And a Forensic Psychologist who must Redeem a Girl in Nigeria',1,7,'4.99',122,'20.99','NC-17','Deleted Scenes,Behind the Scenes','2023-07-28',0),(935,'VANISHED GARDEN','A Intrepid Character Study of a Squirrel And a A Shark who must Kill a Lumberjack in California',1,5,'0.99',142,'17.99','R','Trailers,Commentaries,Deleted Scenes','2023-07-28',0),(936,'VANISHING ROCKY','A Brilliant Reflection of a Man And a Woman who must Conquer a Pioneer in A MySQL Convention',1,3,'2.99',123,'21.99','NC-17','Trailers,Commentaries,Behind the Scenes','2023-07-28',0),(937,'VARSITY TRIP','A Action-Packed Character Study of a Astronaut And a Explorer who must Reach a Monkey in A MySQL Convention',1,7,'2.99',85,'14.99','NC-17','Commentaries,Deleted Scenes','2023-07-28',0),(938,'VELVET TERMINATOR','A Lacklusture Tale of a Pastry Chef And a Technical Writer who must Confront a Crocodile in An Abandoned Amusement Park',1,3,'4.99',173,'14.99','R','Behind the Scenes','2023-07-28',0),(939,'VERTIGO NORTHWEST','A Unbelieveable Display of a Mad Scientist And a Mad Scientist who must Outgun a Mad Cow in Ancient Japan',1,4,'2.99',90,'17.99','R','Commentaries,Behind the Scenes','2023-07-28',0),(940,'VICTORY ACADEMY','A Insightful Epistle of a Mad Scientist And a Explorer who must Challenge a Cat in The Sahara Desert',1,6,'0.99',64,'19.99','PG-13','Trailers,Behind the Scenes','2023-07-28',0),(941,'VIDEOTAPE ARSENIC','A Lacklusture Display of a Girl And a Astronaut who must Succumb a Student in Australia',1,4,'4.99',145,'10.99','NC-17','Commentaries,Deleted Scenes,Behind the Scenes','2023-07-28',0),(942,'VIETNAM SMOOCHY','A Lacklusture Display of a Butler And a Man who must Sink a Explorer in Soviet Georgia',1,7,'0.99',174,'27.99','PG-13','Deleted Scenes,Behind the Scenes','2023-07-28',0),(943,'VILLAIN DESPERATE','A Boring Yarn of a Pioneer And a Feminist who must Redeem a Cat in An Abandoned Amusement Park',1,4,'4.99',76,'27.99','PG-13','Trailers,Commentaries','2023-07-28',0),(944,'VIRGIN DAISY','A Awe-Inspiring Documentary of a Robot And a Mad Scientist who must Reach a Database Administrator in A Shark Tank',1,6,'4.99',179,'29.99','PG-13','Trailers,Behind the Scenes','2023-07-28',0),(945,'VIRGINIAN PLUTO','A Emotional Panorama of a Dentist And a Crocodile who must Meet a Boy in Berlin',1,5,'0.99',164,'22.99','R','Deleted Scenes','2023-07-28',0),(946,'VIRTUAL SPOILERS','A Fateful Tale of a Database Administrator And a Squirrel who must Discover a Student in Soviet Georgia',1,3,'4.99',144,'14.99','NC-17','Commentaries,Deleted Scenes','2023-07-28',0),(947,'VISION TORQUE','A Thoughtful Documentary of a Dog And a Man who must Sink a Man in A Shark Tank',1,5,'0.99',59,'16.99','PG-13','Commentaries,Deleted Scenes','2023-07-28',0),(948,'VOICE PEACH','A Amazing Panorama of a Pioneer And a Student who must Overcome a Mad Scientist in A Manhattan Penthouse',1,6,'0.99',139,'22.99','PG-13','Commentaries,Behind the Scenes','2023-07-28',0),(949,'VOLCANO TEXAS','A Awe-Inspiring Yarn of a Hunter And a Feminist who must Challenge a Dentist in The Outback',1,6,'0.99',157,'27.99','NC-17','Trailers,Commentaries,Deleted Scenes,Behind the Scenes','2023-07-28',0),(950,'VOLUME HOUSE','A Boring Tale of a Dog And a Woman who must Meet a Dentist in California',1,7,'4.99',132,'12.99','PG','Commentaries','2023-07-28',0),(951,'VOYAGE LEGALLY','A Epic Tale of a Squirrel And a Hunter who must Conquer a Boy in An Abandoned Mine Shaft',1,6,'0.99',78,'28.99','PG-13','Commentaries,Behind the Scenes','2023-07-28',0),(952,'WAGON JAWS','A Intrepid Drama of a Moose And a Boat who must Kill a Explorer in A Manhattan Penthouse',1,7,'2.99',152,'17.99','PG','Deleted Scenes,Behind the Scenes','2023-07-28',0),(953,'WAIT CIDER','A Intrepid Epistle of a Woman And a Forensic Psychologist who must Succumb a Astronaut in A Manhattan Penthouse',1,3,'0.99',112,'9.99','PG-13','Trailers','2023-07-28',0),(954,'WAKE JAWS','A Beautiful Saga of a Feminist And a Composer who must Challenge a Moose in Berlin',1,7,'4.99',73,'18.99','G','Trailers,Commentaries,Deleted Scenes,Behind the Scenes','2023-07-28',0),(955,'WALLS ARTIST','A Insightful Panorama of a Teacher And a Teacher who must Overcome a Mad Cow in An Abandoned Fun House',1,7,'4.99',135,'19.99','PG','Trailers,Behind the Scenes','2023-07-28',0),(956,'WANDA CHAMBER','A Insightful Drama of a A Shark And a Pioneer who must Find a Womanizer in The Outback',1,7,'4.99',107,'23.99','PG-13','Commentaries,Deleted Scenes,Behind the Scenes','2023-07-28',0),(957,'WAR NOTTING','A Boring Drama of a Teacher And a Sumo Wrestler who must Challenge a Secret Agent in The Canadian Rockies',1,7,'4.99',80,'26.99','G','Deleted Scenes,Behind the Scenes','2023-07-28',0),(958,'WARDROBE PHANTOM','A Action-Packed Display of a Mad Cow And a Astronaut who must Kill a Car in Ancient India',1,6,'2.99',178,'19.99','G','Trailers,Commentaries','2023-07-28',0),(959,'WARLOCK WEREWOLF','A Astounding Yarn of a Pioneer And a Crocodile who must Defeat a A Shark in The Outback',1,6,'2.99',83,'10.99','G','Commentaries,Behind the Scenes','2023-07-28',0),(960,'WARS PLUTO','A Taut Reflection of a Teacher And a Database Administrator who must Chase a Madman in The Sahara Desert',1,5,'2.99',128,'15.99','G','Commentaries,Behind the Scenes','2023-07-28',0),(961,'WASH HEAVENLY','A Awe-Inspiring Reflection of a Cat And a Pioneer who must Escape a Hunter in Ancient China',1,7,'4.99',161,'22.99','R','Commentaries','2023-07-28',0),(962,'WASTELAND DIVINE','A Fanciful Story of a Database Administrator And a Womanizer who must Fight a Database Administrator in Ancient China',1,7,'2.99',85,'18.99','PG','Trailers,Deleted Scenes,Behind the Scenes','2023-07-28',0),(963,'WATCH TRACY','A Fast-Paced Yarn of a Dog And a Frisbee who must Conquer a Hunter in Nigeria',1,5,'0.99',78,'12.99','PG','Trailers,Deleted Scenes,Behind the Scenes','2023-07-28',0),(964,'WATERFRONT DELIVERANCE','A Unbelieveable Documentary of a Dentist And a Technical Writer who must Build a Womanizer in Nigeria',1,4,'4.99',61,'17.99','G','Behind the Scenes','2023-07-28',0),(965,'WATERSHIP FRONTIER','A Emotional Yarn of a Boat And a Crocodile who must Meet a Moose in Soviet Georgia',1,6,'0.99',112,'28.99','G','Commentaries','2023-07-28',0),(966,'WEDDING APOLLO','A Action-Packed Tale of a Student And a Waitress who must Conquer a Lumberjack in An Abandoned Mine Shaft',1,3,'0.99',70,'14.99','PG','Trailers','2023-07-28',0),(967,'WEEKEND PERSONAL','A Fast-Paced Documentary of a Car And a Butler who must Find a Frisbee in A Jet Boat',1,5,'2.99',134,'26.99','R','Trailers,Commentaries,Deleted Scenes,Behind the Scenes','2023-07-28',0),(968,'WEREWOLF LOLA','A Fanciful Story of a Man And a Sumo Wrestler who must Outrace a Student in A Monastery',1,6,'4.99',79,'19.99','G','Trailers,Behind the Scenes','2023-07-28',0),(969,'WEST LION','A Intrepid Drama of a Butler And a Lumberjack who must Challenge a Database Administrator in A Manhattan Penthouse',1,4,'4.99',159,'29.99','G','Trailers','2023-07-28',0),(970,'WESTWARD SEABISCUIT','A Lacklusture Tale of a Butler And a Husband who must Face a Boy in Ancient China',1,7,'0.99',52,'11.99','NC-17','Commentaries,Deleted Scenes','2023-07-28',0),(971,'WHALE BIKINI','A Intrepid Story of a Pastry Chef And a Database Administrator who must Kill a Feminist in A MySQL Convention',1,4,'4.99',109,'11.99','PG-13','Commentaries,Deleted Scenes,Behind the Scenes','2023-07-28',0),(972,'WHISPERER GIANT','A Intrepid Story of a Dentist And a Hunter who must Confront a Monkey in Ancient Japan',1,4,'4.99',59,'24.99','PG-13','Trailers,Deleted Scenes','2023-07-28',0),(973,'WIFE TURN','A Awe-Inspiring Epistle of a Teacher And a Feminist who must Confront a Pioneer in Ancient Japan',1,3,'4.99',183,'27.99','NC-17','Deleted Scenes,Behind the Scenes','2023-07-28',0),(974,'WILD APOLLO','A Beautiful Story of a Monkey And a Sumo Wrestler who must Conquer a A Shark in A MySQL Convention',1,4,'0.99',181,'24.99','R','Trailers,Commentaries,Deleted Scenes,Behind the Scenes','2023-07-28',0),(975,'WILLOW TRACY','A Brilliant Panorama of a Boat And a Astronaut who must Challenge a Teacher in A Manhattan Penthouse',1,6,'2.99',137,'22.99','R','Trailers,Commentaries,Behind the Scenes','2023-07-28',0),(976,'WIND PHANTOM','A Touching Saga of a Madman And a Forensic Psychologist who must Build a Sumo Wrestler in An Abandoned Mine Shaft',1,6,'0.99',111,'12.99','R','Commentaries,Deleted Scenes','2023-07-28',0),(977,'WINDOW SIDE','A Astounding Character Study of a Womanizer And a Hunter who must Escape a Robot in A Monastery',1,3,'2.99',85,'25.99','R','Deleted Scenes,Behind the Scenes','2023-07-28',0),(978,'WISDOM WORKER','A Unbelieveable Saga of a Forensic Psychologist And a Student who must Face a Squirrel in The First Manned Space Station',1,3,'0.99',98,'12.99','R','Deleted Scenes,Behind the Scenes','2023-07-28',0),(979,'WITCHES PANIC','A Awe-Inspiring Drama of a Secret Agent And a Hunter who must Fight a Moose in Nigeria',1,6,'4.99',100,'10.99','NC-17','Commentaries,Behind the Scenes','2023-07-28',0),(980,'WIZARD COLDBLOODED','A Lacklusture Display of a Robot And a Girl who must Defeat a Sumo Wrestler in A MySQL Convention',1,4,'4.99',75,'12.99','PG','Commentaries,Deleted Scenes,Behind the Scenes','2023-07-28',0),(981,'WOLVES DESIRE','A Fast-Paced Drama of a Squirrel And a Robot who must Succumb a Technical Writer in A Manhattan Penthouse',1,7,'0.99',55,'13.99','NC-17','Behind the Scenes','2023-07-28',0),(982,'WOMEN DORADO','A Insightful Documentary of a Waitress And a Butler who must Vanquish a Composer in Australia',1,4,'0.99',126,'23.99','R','Deleted Scenes,Behind the Scenes','2023-07-28',0),(983,'WON DARES','A Unbelieveable Documentary of a Teacher And a Monkey who must Defeat a Explorer in A U-Boat',1,7,'2.99',105,'18.99','PG','Behind the Scenes','2023-07-28',0),(984,'WONDERFUL DROP','A Boring Panorama of a Woman And a Madman who must Overcome a Butler in A U-Boat',1,3,'2.99',126,'20.99','NC-17','Commentaries','2023-07-28',0),(985,'WONDERLAND CHRISTMAS','A Awe-Inspiring Character Study of a Waitress And a Car who must Pursue a Mad Scientist in The First Manned Space Station',1,4,'4.99',111,'19.99','PG','Commentaries','2023-07-28',0),(986,'WONKA SEA','A Brilliant Saga of a Boat And a Mad Scientist who must Meet a Moose in Ancient India',1,6,'2.99',85,'24.99','NC-17','Trailers,Commentaries','2023-07-28',0),(987,'WORDS HUNTER','A Action-Packed Reflection of a Composer And a Mad Scientist who must Face a Pioneer in A MySQL Convention',1,3,'2.99',116,'13.99','PG','Trailers,Commentaries,Deleted Scenes','2023-07-28',0),(988,'WORKER TARZAN','A Action-Packed Yarn of a Secret Agent And a Technical Writer who must Battle a Sumo Wrestler in The First Manned Space Station',1,7,'2.99',139,'26.99','R','Trailers,Commentaries,Behind the Scenes','2023-07-28',0),(989,'WORKING MICROCOSMOS','A Stunning Epistle of a Dentist And a Dog who must Kill a Madman in Ancient China',1,4,'4.99',74,'22.99','R','Commentaries,Deleted Scenes','2023-07-28',0),(990,'WORLD LEATHERNECKS','A Unbelieveable Tale of a Pioneer And a Astronaut who must Overcome a Robot in An Abandoned Amusement Park',1,3,'0.99',171,'13.99','PG-13','Trailers,Behind the Scenes','2023-07-28',0),(991,'WORST BANGER','A Thrilling Drama of a Madman And a Dentist who must Conquer a Boy in The Outback',1,4,'2.99',185,'26.99','PG','Deleted Scenes,Behind the Scenes','2023-07-28',0),(992,'WRATH MILE','A Intrepid Reflection of a Technical Writer And a Hunter who must Defeat a Sumo Wrestler in A Monastery',1,5,'0.99',176,'17.99','NC-17','Trailers,Commentaries','2023-07-28',0),(993,'WRONG BEHAVIOR','A Emotional Saga of a Crocodile And a Sumo Wrestler who must Discover a Mad Cow in New Orleans',1,6,'2.99',178,'10.99','PG-13','Trailers,Behind the Scenes','2023-07-28',0),(994,'WYOMING STORM','A Awe-Inspiring Panorama of a Robot And a Boat who must Overcome a Feminist in A U-Boat',1,6,'4.99',100,'29.99','PG-13','Deleted Scenes','2023-07-28',0),(995,'YENTL IDAHO','A Amazing Display of a Robot And a Astronaut who must Fight a Womanizer in Berlin',1,5,'4.99',86,'11.99','R','Trailers,Commentaries,Deleted Scenes','2023-07-28',0),(996,'YOUNG LANGUAGE','A Unbelieveable Yarn of a Boat And a Database Administrator who must Meet a Boy in The First Manned Space Station',1,6,'0.99',183,'9.99','G','Trailers,Behind the Scenes','2023-07-28',0),(997,'YOUTH KICK','A Touching Drama of a Teacher And a Cat who must Challenge a Technical Writer in A U-Boat',1,4,'0.99',179,'14.99','NC-17','Trailers,Behind the Scenes','2023-07-28',0),(998,'ZHIVAGO CORE','A Fateful Yarn of a Composer And a Man who must Face a Boy in The Canadian Rockies',1,6,'0.99',105,'10.99','NC-17','Deleted Scenes','2023-07-28',0),(999,'ZOOLANDER FICTION','A Fateful Reflection of a Waitress And a Boat who must Discover a Sumo Wrestler in Ancient China',1,5,'2.99',101,'28.99','R','Trailers,Deleted Scenes','2023-07-28',0),(1000,'ZORRO ARK','A Intrepid Panorama of a Mad Scientist And a Boy who must Redeem a Boy in A Monastery',1,3,'4.99',50,'18.99','NC-17','Trailers,Commentaries,Behind the Scenes','2023-07-28',0);
/*!40000 ALTER TABLE `film` ENABLE KEYS */;
UNLOCK TABLES;

--
-- Table structure for table `film_category`
--

DROP TABLE IF EXISTS `film_category`;
/*!40101 SET @saved_cs_client     = @@character_set_client */;
/*!50503 SET character_set_client = utf8mb4 */;
CREATE TABLE `film_category` (
  `category_id` int NOT NULL,
  `film_id` int NOT NULL,
  PRIMARY KEY (`category_id`,`film_id`),
  KEY `fk_film_has_category_category1_idx` (`category_id`),
  KEY `fk_film_has_category_film1_idx` (`film_id`),
  CONSTRAINT `fk_film_has_category_category1` FOREIGN KEY (`category_id`) REFERENCES `category` (`category_id`),
  CONSTRAINT `fk_film_has_category_film1` FOREIGN KEY (`film_id`) REFERENCES `film` (`film_id`)
) ENGINE=InnoDB DEFAULT CHARSET=utf8mb4 COLLATE=utf8mb4_0900_ai_ci;
/*!40101 SET character_set_client = @saved_cs_client */;

--
-- Dumping data for table `film_category`
--

LOCK TABLES `film_category` WRITE;
/*!40000 ALTER TABLE `film_category` DISABLE KEYS */;
INSERT INTO `film_category` VALUES (1,19),(1,21),(1,29),(1,56),(1,67),(1,105),(1,111),(1,115),(1,126),(1,162),(1,194),(1,205),(1,212),(1,252),(1,253),(1,271),(1,287),(1,292),(1,318),(1,327),(1,329),(1,375),(1,395),(1,417),(1,501),(1,530),(1,549),(1,574),(1,586),(1,594),(1,697),(1,707),(1,717),(1,732),(1,748),(1,793),(1,794),(1,802),(1,838),(1,850),(1,915),(1,964),(1,968),(2,23),(2,70),(2,78),(2,89),(2,118),(2,121),(2,154),(2,160),(2,193),(2,208),(2,223),(2,241),(2,243),(2,245),(2,259),(2,268),(2,314),(2,326),(2,349),(2,355),(2,430),(2,433),(2,456),(2,489),(2,510),(2,541),(2,564),(2,569),(2,582),(2,583),(2,615),(2,644),(2,649),(2,651),(2,692),(2,703),(2,743),(2,805),(2,816),(2,820),(2,859),(2,865),(2,880),(2,886),(2,887),(2,892),(2,901),(2,953),(2,963),(2,986),(3,110),(3,124),(3,152),(3,168),(3,191),(3,214),(3,280),(3,344),(3,370),(3,392),(3,450),(3,485),(3,491),(3,509),(3,515),(3,547),(3,553),(3,573),(3,588),(3,626),(3,688),(3,735),(3,755),(3,833),(3,853),(3,873),(3,883),(3,889),(3,896),(3,928),(3,959),(3,993),(4,14),(4,37),(4,60),(4,91),(4,116),(4,131),(4,166),(4,249),(4,266),(4,341),(4,346),(4,357),(4,358),(4,445),(4,469),(4,480),(4,482),(4,484),(4,523),(4,525),(4,536),(4,537),(4,548),(4,554),(4,633),(4,652),(4,663),(4,694),(4,731),(4,808),(4,815),(4,843),(4,862),(4,874),(4,895),(4,950),(4,962),(4,970),(5,119),(5,127),(5,159),(5,178),(5,182),(5,188),(5,202),(5,242),(5,308),(5,317),(5,335),(5,385),(5,404),(5,410),(5,444),(5,478),(5,502),(5,522),(5,524),(5,529),(5,555),(5,672),(5,680),(5,704),(5,754),(5,756),(5,858),(5,871),(5,906),(5,938),(5,939),(5,978),(6,1),(6,3),(6,40),(6,58),(6,62),(6,85),(6,101),(6,142),(6,150),(6,164),(6,199),(6,219),(6,221),(6,274),(6,336),(6,393),(6,400),(6,427),(6,441),(6,457),(6,466),(6,497),(6,544),(6,552),(6,571),(6,587),(6,589),(6,616),(6,650),(6,670),(6,687),(6,712),(6,734),(6,757),(6,788),(6,812),(6,855),(6,888),(6,925),(6,926),(6,945),(6,966),(6,973),(6,996),(7,64),(7,79),(7,107),(7,146),(7,172),(7,173),(7,179),(7,186),(7,204),(7,218),(7,225),(7,282),(7,366),(7,368),(7,379),(7,396),(7,401),(7,418),(7,473),(7,514),(7,521),(7,539),(7,585),(7,618),(7,643),(7,662),(7,709),(7,728),(7,739),(7,758),(7,766),(7,771),(7,775),(7,790),(7,827),(7,897),(7,910),(7,944),(7,958),(7,969),(8,31),(8,43),(8,53),(8,63),(8,71),(8,80),(8,83),(8,145),(8,147),(8,213),(8,231),(8,262),(8,269),(8,273),(8,309),(8,345),(8,348),(8,359),(8,419),(8,428),(8,458),(8,499),(8,528),(8,550),(8,603),(8,634),(8,679),(8,682),(8,695),(8,700),(8,715),(8,795),(8,829),(8,832),(9,6),(9,15),(9,16),(9,47),(9,52),(9,112),(9,148),(9,170),(9,185),(9,201),(9,290),(9,311),(9,337),(9,353),(9,380),(9,399),(9,414),(9,416),(9,431),(9,435),(9,455),(9,460),(9,467),(9,493),(9,500),(9,531),(9,565),(9,567),(9,605),(9,669),(9,705),(9,738),(9,769),(9,770),(9,821),(9,900),(9,908),(9,929),(9,957),(9,971),(10,106),(10,117),(10,200),(10,217),(10,232),(10,236),(10,281),(10,306),(10,310),(10,316),(10,381),(10,387),(10,438),(10,483),(10,507),(10,508),(10,597),(10,646),(10,742),(10,781),(10,835),(10,840),(10,842),(10,919),(10,949),(10,956),(11,2),(11,9),(11,24),(11,30),(11,34),(11,35),(11,65),(11,92),(11,122),(11,171),(11,222),(11,258),(11,275),(11,277),(11,301),(11,313),(11,334),(11,351),(11,415),(11,475),(11,495),(11,506),(11,527),(11,535),(11,593),(11,600),(11,653),(11,665),(11,702),(11,716),(11,722),(11,737),(11,749),(11,800),(11,804),(11,830),(11,854),(11,856),(11,876),(11,881),(11,885),(11,904),(11,909),(11,965),(11,998),(12,12),(12,17),(12,54),(12,74),(12,86),(12,133),(12,158),(12,244),(12,255),(12,284),(12,378),(12,398),(12,411),(12,426),(12,454),(12,462),(12,477),(12,516),(12,540),(12,636),(12,673),(12,718),(12,721),(12,752),(12,797),(12,877),(12,879),(12,936),(12,980),(12,983),(12,997),(13,25),(13,45),(13,77),(13,90),(13,93),(13,96),(13,108),(13,136),(13,144),(13,155),(13,163),(13,216),(13,226),(13,251),(13,267),(13,283),(13,289),(13,305),(13,321),(13,340),(13,364),(13,436),(13,448),(13,481),(13,490),(13,492),(13,538),(13,551),(13,561),(13,590),(13,635),(13,685),(13,686),(13,720),(13,730),(13,750),(13,759),(13,806),(13,846),(13,847),(13,920),(13,935),(13,948),(13,974),(13,994),(14,44),(14,69),(14,73),(14,81),(14,132),(14,140),(14,153),(14,165),(14,177),(14,195),(14,203),(14,235),(14,296),(14,312),(14,338),(14,367),(14,369),(14,390),(14,449),(14,572),(14,625),(14,637),(14,711),(14,714),(14,723),(14,798),(14,817),(14,839),(14,863),(14,893),(14,912),(14,924),(14,930),(14,967),(14,972),(14,985),(15,10),(15,27),(15,42),(15,135),(15,176),(15,187),(15,197),(15,254),(15,256),(15,260),(15,263),(15,279),(15,291),(15,293),(15,361),(15,383),(15,389),(15,420),(15,429),(15,453),(15,463),(15,488),(15,503),(15,517),(15,519),(15,532),(15,606),(15,612),(15,619),(15,631),(15,667),(15,668),(15,671),(15,691),(15,729),(15,733),(15,745),(15,764),(15,779),(15,782),(15,836),(15,841),(15,875),(15,890),(15,902),(15,917),(16,84),(16,87),(16,88),(16,103),(16,125),(16,286),(16,288),(16,294),(16,299),(16,342),(16,347),(16,386),(16,405),(16,434),(16,451),(16,472),(16,513),(16,518),(16,648),(16,783),(16,784),(16,785),(16,811),(16,826),(16,878),(16,903),(16,914),(16,931),(16,977),(16,981),(16,988),(16,989);
/*!40000 ALTER TABLE `film_category` ENABLE KEYS */;
UNLOCK TABLES;

--
-- Table structure for table `inventory`
--

DROP TABLE IF EXISTS `inventory`;
/*!40101 SET @saved_cs_client     = @@character_set_client */;
/*!50503 SET character_set_client = utf8mb4 */;
CREATE TABLE `inventory` (
  `inventory_id` int NOT NULL,
  `film_id` int NOT NULL,
  `last_update` varchar(45) DEFAULT NULL,
  `disponibility` varchar(45) DEFAULT NULL,
  PRIMARY KEY (`inventory_id`,`film_id`),
  KEY `fk_inventory_film1_idx` (`film_id`),
  CONSTRAINT `fk_inventory_film1` FOREIGN KEY (`film_id`) REFERENCES `film` (`film_id`)
) ENGINE=InnoDB DEFAULT CHARSET=utf8mb4 COLLATE=utf8mb4_0900_ai_ci;
/*!40101 SET character_set_client = @saved_cs_client */;

--
-- Dumping data for table `inventory`
--

LOCK TABLES `inventory` WRITE;
/*!40000 ALTER TABLE `inventory` DISABLE KEYS */;
INSERT INTO `inventory` VALUES (1,1,'2023-07-28','True'),(2,1,'2023-07-28','True'),(3,1,'2023-07-28','True'),(4,1,'2023-07-28','True'),(5,1,'2023-07-28','True'),(6,1,'2023-07-28','True'),(7,1,'2023-07-28','True'),(8,1,'2023-07-28','True'),(9,2,'2023-07-28','True'),(10,2,'2023-07-28','True'),(11,2,'2023-07-28','True'),(12,3,'2023-07-28','True'),(13,3,'2023-07-28','True'),(14,3,'2023-07-28','True'),(15,3,'2023-07-28','True'),(16,4,'2023-07-28','True'),(17,4,'2023-07-28','True'),(18,4,'2023-07-28','True'),(19,4,'2023-07-28','True'),(20,4,'2023-07-28','True'),(21,4,'2023-07-28','True'),(22,4,'2023-07-28','True'),(23,5,'2023-07-28','True'),(24,5,'2023-07-28','True'),(25,5,'2023-07-28','True'),(26,6,'2023-07-28','True'),(27,6,'2023-07-28','True'),(28,6,'2023-07-28','True'),(29,6,'2023-07-28','True'),(30,6,'2023-07-28','True'),(31,6,'2023-07-28','True'),(32,7,'2023-07-28','True'),(33,7,'2023-07-28','True'),(34,7,'2023-07-28','True'),(35,7,'2023-07-28','True'),(36,7,'2023-07-28','True'),(37,8,'2023-07-28','True'),(38,8,'2023-07-28','True'),(39,8,'2023-07-28','True'),(40,8,'2023-07-28','True'),(41,9,'2023-07-28','True'),(42,9,'2023-07-28','True'),(43,9,'2023-07-28','True'),(44,9,'2023-07-28','True'),(45,9,'2023-07-28','True'),(46,10,'2023-07-28','True'),(47,10,'2023-07-28','True'),(48,10,'2023-07-28','True'),(49,10,'2023-07-28','True'),(50,10,'2023-07-28','True'),(51,10,'2023-07-28','True'),(52,10,'2023-07-28','True'),(53,11,'2023-07-28','True'),(54,11,'2023-07-28','True'),(55,11,'2023-07-28','True'),(56,11,'2023-07-28','True'),(57,11,'2023-07-28','True'),(58,11,'2023-07-28','True'),(59,11,'2023-07-28','True'),(60,12,'2023-07-28','True'),(61,12,'2023-07-28','True'),(62,12,'2023-07-28','True'),(63,12,'2023-07-28','True'),(64,12,'2023-07-28','True'),(65,12,'2023-07-28','True'),(66,12,'2023-07-28','True'),(67,13,'2023-07-28','True'),(68,13,'2023-07-28','True'),(69,13,'2023-07-28','True'),(70,13,'2023-07-28','True'),(71,15,'2023-07-28','True'),(72,15,'2023-07-28','True'),(73,15,'2023-07-28','True'),(74,15,'2023-07-28','True'),(75,15,'2023-07-28','True'),(76,15,'2023-07-28','True'),(77,16,'2023-07-28','True'),(78,16,'2023-07-28','True'),(79,16,'2023-07-28','True'),(80,16,'2023-07-28','True'),(81,17,'2023-07-28','True'),(82,17,'2023-07-28','True'),(83,17,'2023-07-28','True'),(84,17,'2023-07-28','True'),(85,17,'2023-07-28','True'),(86,17,'2023-07-28','True'),(87,18,'2023-07-28','True'),(88,18,'2023-07-28','True'),(89,18,'2023-07-28','True'),(90,18,'2023-07-28','True'),(91,18,'2023-07-28','True'),(92,18,'2023-07-28','True'),(93,19,'2023-07-28','True'),(94,19,'2023-07-28','True'),(95,19,'2023-07-28','True'),(96,19,'2023-07-28','True'),(97,19,'2023-07-28','True'),(98,19,'2023-07-28','True'),(99,20,'2023-07-28','True'),(100,20,'2023-07-28','True'),(101,20,'2023-07-28','True'),(102,21,'2023-07-28','True'),(103,21,'2023-07-28','True'),(104,21,'2023-07-28','True'),(105,21,'2023-07-28','True'),(106,21,'2023-07-28','True'),(107,21,'2023-07-28','True'),(108,22,'2023-07-28','True'),(109,22,'2023-07-28','True'),(110,22,'2023-07-28','True'),(111,22,'2023-07-28','True'),(112,22,'2023-07-28','True'),(113,22,'2023-07-28','True'),(114,22,'2023-07-28','True'),(115,23,'2023-07-28','True'),(116,23,'2023-07-28','True'),(117,23,'2023-07-28','True'),(118,23,'2023-07-28','True'),(119,23,'2023-07-28','True'),(120,24,'2023-07-28','True'),(121,24,'2023-07-28','True'),(122,24,'2023-07-28','True'),(123,24,'2023-07-28','True'),(124,25,'2023-07-28','True'),(125,25,'2023-07-28','True'),(126,25,'2023-07-28','True'),(127,25,'2023-07-28','True'),(128,25,'2023-07-28','True'),(129,25,'2023-07-28','True'),(130,26,'2023-07-28','True'),(131,26,'2023-07-28','True'),(132,26,'2023-07-28','True'),(133,26,'2023-07-28','True'),(134,26,'2023-07-28','True'),(135,27,'2023-07-28','True'),(136,27,'2023-07-28','True'),(137,27,'2023-07-28','True'),(138,27,'2023-07-28','True'),(139,28,'2023-07-28','True'),(140,28,'2023-07-28','True'),(141,28,'2023-07-28','True'),(142,29,'2023-07-28','True'),(143,29,'2023-07-28','True'),(144,30,'2023-07-28','True'),(145,30,'2023-07-28','True'),(146,31,'2023-07-28','True'),(147,31,'2023-07-28','True'),(148,31,'2023-07-28','True'),(149,31,'2023-07-28','True'),(150,31,'2023-07-28','True'),(151,31,'2023-07-28','True'),(152,31,'2023-07-28','True'),(153,31,'2023-07-28','True'),(154,32,'2023-07-28','True'),(155,32,'2023-07-28','True'),(156,34,'2023-07-28','True'),(157,34,'2023-07-28','True'),(158,34,'2023-07-28','True'),(159,34,'2023-07-28','True'),(160,35,'2023-07-28','True'),(161,35,'2023-07-28','True'),(162,35,'2023-07-28','True'),(163,35,'2023-07-28','True'),(164,35,'2023-07-28','True'),(165,35,'2023-07-28','True'),(166,35,'2023-07-28','True'),(167,37,'2023-07-28','True'),(168,37,'2023-07-28','True'),(169,37,'2023-07-28','True'),(170,37,'2023-07-28','True'),(171,37,'2023-07-28','True'),(172,37,'2023-07-28','True'),(173,37,'2023-07-28','True'),(174,39,'2023-07-28','True'),(175,39,'2023-07-28','True'),(176,39,'2023-07-28','True'),(177,39,'2023-07-28','True'),(178,39,'2023-07-28','True'),(179,39,'2023-07-28','True'),(180,39,'2023-07-28','True'),(181,40,'2023-07-28','True'),(182,40,'2023-07-28','True'),(183,40,'2023-07-28','True'),(184,40,'2023-07-28','True'),(185,42,'2023-07-28','True'),(186,42,'2023-07-28','True'),(187,42,'2023-07-28','True'),(188,42,'2023-07-28','True'),(189,43,'2023-07-28','True'),(190,43,'2023-07-28','True'),(191,43,'2023-07-28','True'),(192,43,'2023-07-28','True'),(193,43,'2023-07-28','True'),(194,43,'2023-07-28','True'),(195,43,'2023-07-28','True'),(196,44,'2023-07-28','True'),(197,44,'2023-07-28','True'),(198,44,'2023-07-28','True'),(199,44,'2023-07-28','True'),(200,44,'2023-07-28','True'),(201,45,'2023-07-28','True'),(202,45,'2023-07-28','True'),(203,45,'2023-07-28','True'),(204,45,'2023-07-28','True'),(205,45,'2023-07-28','True'),(206,45,'2023-07-28','True'),(207,46,'2023-07-28','True'),(208,46,'2023-07-28','True'),(209,46,'2023-07-28','True'),(210,47,'2023-07-28','True'),(211,47,'2023-07-28','True'),(212,48,'2023-07-28','True'),(213,48,'2023-07-28','True'),(214,48,'2023-07-28','True'),(215,48,'2023-07-28','True'),(216,49,'2023-07-28','True'),(217,49,'2023-07-28','True'),(218,49,'2023-07-28','True'),(219,49,'2023-07-28','True'),(220,49,'2023-07-28','True'),(221,49,'2023-07-28','True'),(222,50,'2023-07-28','True'),(223,50,'2023-07-28','True'),(224,50,'2023-07-28','True'),(225,50,'2023-07-28','True'),(226,50,'2023-07-28','True'),(227,51,'2023-07-28','True'),(228,51,'2023-07-28','True'),(229,51,'2023-07-28','True'),(230,51,'2023-07-28','True'),(231,51,'2023-07-28','True'),(232,51,'2023-07-28','True'),(233,52,'2023-07-28','True'),(234,52,'2023-07-28','True'),(235,53,'2023-07-28','True'),(236,53,'2023-07-28','True'),(237,54,'2023-07-28','True'),(238,54,'2023-07-28','True'),(239,54,'2023-07-28','True'),(240,54,'2023-07-28','True'),(241,54,'2023-07-28','True'),(242,55,'2023-07-28','True'),(243,55,'2023-07-28','True'),(244,55,'2023-07-28','True'),(245,55,'2023-07-28','True'),(246,55,'2023-07-28','True'),(247,55,'2023-07-28','True'),(248,56,'2023-07-28','True'),(249,56,'2023-07-28','True'),(250,56,'2023-07-28','True'),(251,56,'2023-07-28','True'),(252,56,'2023-07-28','True'),(253,57,'2023-07-28','True'),(254,57,'2023-07-28','True'),(255,57,'2023-07-28','True'),(256,57,'2023-07-28','True'),(257,57,'2023-07-28','True'),(258,57,'2023-07-28','True'),(259,57,'2023-07-28','True'),(260,58,'2023-07-28','True'),(261,58,'2023-07-28','True'),(262,58,'2023-07-28','True'),(263,58,'2023-07-28','True'),(264,59,'2023-07-28','True'),(265,59,'2023-07-28','True'),(266,59,'2023-07-28','True'),(267,59,'2023-07-28','True'),(268,59,'2023-07-28','True'),(269,60,'2023-07-28','True'),(270,60,'2023-07-28','True'),(271,60,'2023-07-28','True'),(272,61,'2023-07-28','True'),(273,61,'2023-07-28','True'),(274,61,'2023-07-28','True'),(275,61,'2023-07-28','True'),(276,61,'2023-07-28','True'),(277,61,'2023-07-28','True'),(278,62,'2023-07-28','True'),(279,62,'2023-07-28','True'),(280,63,'2023-07-28','True'),(281,63,'2023-07-28','True'),(282,63,'2023-07-28','True'),(283,63,'2023-07-28','True'),(284,64,'2023-07-28','True'),(285,64,'2023-07-28','True'),(286,64,'2023-07-28','True'),(287,65,'2023-07-28','True'),(288,65,'2023-07-28','True'),(289,65,'2023-07-28','True'),(290,65,'2023-07-28','True'),(291,66,'2023-07-28','True'),(292,66,'2023-07-28','True'),(293,66,'2023-07-28','True'),(294,67,'2023-07-28','True'),(295,67,'2023-07-28','True'),(296,67,'2023-07-28','True'),(297,67,'2023-07-28','True'),(298,67,'2023-07-28','True'),(299,67,'2023-07-28','True'),(300,68,'2023-07-28','True'),(301,68,'2023-07-28','True'),(302,68,'2023-07-28','True'),(303,68,'2023-07-28','True'),(304,69,'2023-07-28','True'),(305,69,'2023-07-28','True'),(306,69,'2023-07-28','True'),(307,69,'2023-07-28','True'),(308,69,'2023-07-28','True'),(309,69,'2023-07-28','True'),(310,69,'2023-07-28','True'),(311,69,'2023-07-28','True'),(312,70,'2023-07-28','True'),(313,70,'2023-07-28','True'),(314,70,'2023-07-28','True'),(315,70,'2023-07-28','True'),(316,71,'2023-07-28','True'),(317,71,'2023-07-28','True'),(318,71,'2023-07-28','True'),(319,71,'2023-07-28','True'),(320,72,'2023-07-28','True'),(321,72,'2023-07-28','True'),(322,72,'2023-07-28','True'),(323,72,'2023-07-28','True'),(324,72,'2023-07-28','True'),(325,72,'2023-07-28','True'),(326,73,'2023-07-28','True'),(327,73,'2023-07-28','True'),(328,73,'2023-07-28','True'),(329,73,'2023-07-28','True'),(330,73,'2023-07-28','True'),(331,73,'2023-07-28','True'),(332,73,'2023-07-28','True'),(333,73,'2023-07-28','True'),(334,74,'2023-07-28','True'),(335,74,'2023-07-28','True'),(336,74,'2023-07-28','True'),(337,74,'2023-07-28','True'),(338,74,'2023-07-28','True'),(339,75,'2023-07-28','True'),(340,75,'2023-07-28','True'),(341,75,'2023-07-28','True'),(342,76,'2023-07-28','True'),(343,76,'2023-07-28','True'),(344,76,'2023-07-28','True'),(345,77,'2023-07-28','True'),(346,77,'2023-07-28','True'),(347,77,'2023-07-28','True'),(348,77,'2023-07-28','True'),(349,77,'2023-07-28','True'),(350,77,'2023-07-28','True'),(351,78,'2023-07-28','True'),(352,78,'2023-07-28','True'),(353,78,'2023-07-28','True'),(354,78,'2023-07-28','True'),(355,78,'2023-07-28','True'),(356,78,'2023-07-28','True'),(357,78,'2023-07-28','True'),(358,79,'2023-07-28','True'),(359,79,'2023-07-28','True'),(360,79,'2023-07-28','True'),(361,79,'2023-07-28','True'),(362,79,'2023-07-28','True'),(363,79,'2023-07-28','True'),(364,80,'2023-07-28','True'),(365,80,'2023-07-28','True'),(366,80,'2023-07-28','True'),(367,80,'2023-07-28','True'),(368,81,'2023-07-28','True'),(369,81,'2023-07-28','True'),(370,81,'2023-07-28','True'),(371,81,'2023-07-28','True'),(372,82,'2023-07-28','True'),(373,82,'2023-07-28','True'),(374,83,'2023-07-28','True'),(375,83,'2023-07-28','True'),(376,83,'2023-07-28','True'),(377,83,'2023-07-28','True'),(378,83,'2023-07-28','True'),(379,84,'2023-07-28','True'),(380,84,'2023-07-28','True'),(381,84,'2023-07-28','True'),(382,84,'2023-07-28','True'),(383,85,'2023-07-28','True'),(384,85,'2023-07-28','True'),(385,85,'2023-07-28','True'),(386,85,'2023-07-28','True'),(387,86,'2023-07-28','True'),(388,86,'2023-07-28','True'),(389,86,'2023-07-28','True'),(390,86,'2023-07-28','True'),(391,86,'2023-07-28','True'),(392,86,'2023-07-28','True'),(393,86,'2023-07-28','True'),(394,86,'2023-07-28','True'),(395,88,'2023-07-28','True'),(396,88,'2023-07-28','True'),(397,88,'2023-07-28','True'),(398,88,'2023-07-28','True'),(399,89,'2023-07-28','True'),(400,89,'2023-07-28','True'),(401,89,'2023-07-28','True'),(402,89,'2023-07-28','True'),(403,89,'2023-07-28','True'),(404,89,'2023-07-28','True'),(405,90,'2023-07-28','True'),(406,90,'2023-07-28','True'),(407,90,'2023-07-28','True'),(408,90,'2023-07-28','True'),(409,90,'2023-07-28','True'),(410,90,'2023-07-28','True'),(411,91,'2023-07-28','True'),(412,91,'2023-07-28','True'),(413,91,'2023-07-28','True'),(414,91,'2023-07-28','True'),(415,91,'2023-07-28','True'),(416,91,'2023-07-28','True'),(417,91,'2023-07-28','True'),(418,91,'2023-07-28','True'),(419,92,'2023-07-28','True'),(420,92,'2023-07-28','True'),(421,92,'2023-07-28','True'),(422,92,'2023-07-28','True'),(423,93,'2023-07-28','True'),(424,93,'2023-07-28','True'),(425,93,'2023-07-28','True'),(426,94,'2023-07-28','True'),(427,94,'2023-07-28','True'),(428,95,'2023-07-28','True'),(429,95,'2023-07-28','True'),(430,95,'2023-07-28','True'),(431,95,'2023-07-28','True'),(432,95,'2023-07-28','True'),(433,96,'2023-07-28','True'),(434,96,'2023-07-28','True'),(435,96,'2023-07-28','True'),(436,97,'2023-07-28','True'),(437,97,'2023-07-28','True'),(438,97,'2023-07-28','True'),(439,97,'2023-07-28','True'),(440,97,'2023-07-28','True'),(441,97,'2023-07-28','True'),(442,98,'2023-07-28','True'),(443,98,'2023-07-28','True'),(444,98,'2023-07-28','True'),(445,99,'2023-07-28','True'),(446,99,'2023-07-28','True'),(447,99,'2023-07-28','True'),(448,99,'2023-07-28','True'),(449,99,'2023-07-28','True'),(450,99,'2023-07-28','True'),(451,100,'2023-07-28','True'),(452,100,'2023-07-28','True'),(453,100,'2023-07-28','True'),(454,100,'2023-07-28','True'),(455,100,'2023-07-28','True'),(456,100,'2023-07-28','True'),(457,101,'2023-07-28','True'),(458,101,'2023-07-28','True'),(459,101,'2023-07-28','True'),(460,101,'2023-07-28','True'),(461,101,'2023-07-28','True'),(462,101,'2023-07-28','True'),(463,102,'2023-07-28','True'),(464,102,'2023-07-28','True'),(465,103,'2023-07-28','True'),(466,103,'2023-07-28','True'),(467,103,'2023-07-28','True'),(468,103,'2023-07-28','True'),(469,103,'2023-07-28','True'),(470,103,'2023-07-28','True'),(471,103,'2023-07-28','True'),(472,103,'2023-07-28','True'),(473,104,'2023-07-28','True'),(474,104,'2023-07-28','True'),(475,104,'2023-07-28','True'),(476,105,'2023-07-28','True'),(477,105,'2023-07-28','True'),(478,105,'2023-07-28','True'),(479,105,'2023-07-28','True'),(480,105,'2023-07-28','True'),(481,106,'2023-07-28','True'),(482,106,'2023-07-28','True'),(483,107,'2023-07-28','True'),(484,107,'2023-07-28','True'),(485,109,'2023-07-28','True'),(486,109,'2023-07-28','True'),(487,109,'2023-07-28','True'),(488,109,'2023-07-28','True'),(489,109,'2023-07-28','True'),(490,109,'2023-07-28','True'),(491,109,'2023-07-28','True'),(492,109,'2023-07-28','True'),(493,110,'2023-07-28','True'),(494,110,'2023-07-28','True'),(495,110,'2023-07-28','True'),(496,110,'2023-07-28','True'),(497,111,'2023-07-28','True'),(498,111,'2023-07-28','True'),(499,111,'2023-07-28','True'),(500,111,'2023-07-28','True'),(501,112,'2023-07-28','True'),(502,112,'2023-07-28','True'),(503,112,'2023-07-28','True'),(504,112,'2023-07-28','True'),(505,112,'2023-07-28','True'),(506,112,'2023-07-28','True'),(507,112,'2023-07-28','True'),(508,113,'2023-07-28','True'),(509,113,'2023-07-28','True'),(510,113,'2023-07-28','True'),(511,113,'2023-07-28','True'),(512,114,'2023-07-28','True'),(513,114,'2023-07-28','True'),(514,114,'2023-07-28','True'),(515,114,'2023-07-28','True'),(516,114,'2023-07-28','True'),(517,114,'2023-07-28','True'),(518,114,'2023-07-28','True'),(519,115,'2023-07-28','True'),(520,115,'2023-07-28','True'),(521,115,'2023-07-28','True'),(522,115,'2023-07-28','True'),(523,115,'2023-07-28','True'),(524,115,'2023-07-28','True'),(525,115,'2023-07-28','True'),(526,116,'2023-07-28','True'),(527,116,'2023-07-28','True'),(528,116,'2023-07-28','True'),(529,116,'2023-07-28','True'),(530,116,'2023-07-28','True'),(531,116,'2023-07-28','True'),(532,117,'2023-07-28','True'),(533,117,'2023-07-28','True'),(534,117,'2023-07-28','True'),(535,117,'2023-07-28','True'),(536,117,'2023-07-28','True'),(537,117,'2023-07-28','True'),(538,118,'2023-07-28','True'),(539,118,'2023-07-28','True'),(540,118,'2023-07-28','True'),(541,118,'2023-07-28','True'),(542,118,'2023-07-28','True'),(543,118,'2023-07-28','True'),(544,119,'2023-07-28','True'),(545,119,'2023-07-28','True'),(546,119,'2023-07-28','True'),(547,119,'2023-07-28','True'),(548,119,'2023-07-28','True'),(549,119,'2023-07-28','True'),(550,119,'2023-07-28','True'),(551,120,'2023-07-28','True'),(552,120,'2023-07-28','True'),(553,120,'2023-07-28','True'),(554,121,'2023-07-28','True'),(555,121,'2023-07-28','True'),(556,121,'2023-07-28','True'),(557,121,'2023-07-28','True'),(558,121,'2023-07-28','True'),(559,121,'2023-07-28','True'),(560,122,'2023-07-28','True'),(561,122,'2023-07-28','True'),(562,122,'2023-07-28','True'),(563,122,'2023-07-28','True'),(564,122,'2023-07-28','True'),(565,122,'2023-07-28','True'),(566,122,'2023-07-28','True'),(567,123,'2023-07-28','True'),(568,123,'2023-07-28','True'),(569,123,'2023-07-28','True'),(570,123,'2023-07-28','True'),(571,123,'2023-07-28','True'),(572,124,'2023-07-28','True'),(573,124,'2023-07-28','True'),(574,124,'2023-07-28','True'),(575,125,'2023-07-28','True'),(576,125,'2023-07-28','True'),(577,126,'2023-07-28','True'),(578,126,'2023-07-28','True'),(579,126,'2023-07-28','True'),(580,127,'2023-07-28','True'),(581,127,'2023-07-28','True'),(582,127,'2023-07-28','True'),(583,127,'2023-07-28','True'),(584,127,'2023-07-28','True'),(585,127,'2023-07-28','True'),(586,127,'2023-07-28','True'),(587,127,'2023-07-28','True'),(588,129,'2023-07-28','True'),(589,129,'2023-07-28','True'),(590,129,'2023-07-28','True'),(591,129,'2023-07-28','True'),(592,129,'2023-07-28','True'),(593,129,'2023-07-28','True'),(594,130,'2023-07-28','True'),(595,130,'2023-07-28','True'),(596,130,'2023-07-28','True'),(597,130,'2023-07-28','True'),(598,130,'2023-07-28','True'),(599,130,'2023-07-28','True'),(600,131,'2023-07-28','True'),(601,131,'2023-07-28','True'),(602,131,'2023-07-28','True'),(603,131,'2023-07-28','True'),(604,131,'2023-07-28','True'),(605,131,'2023-07-28','True'),(606,132,'2023-07-28','True'),(607,132,'2023-07-28','True'),(608,132,'2023-07-28','True'),(609,132,'2023-07-28','True'),(610,132,'2023-07-28','True'),(611,132,'2023-07-28','True'),(612,133,'2023-07-28','True'),(613,133,'2023-07-28','True'),(614,133,'2023-07-28','True'),(615,133,'2023-07-28','True'),(616,134,'2023-07-28','True'),(617,134,'2023-07-28','True'),(618,134,'2023-07-28','True'),(619,135,'2023-07-28','True'),(620,135,'2023-07-28','True'),(621,135,'2023-07-28','True'),(622,135,'2023-07-28','True'),(623,135,'2023-07-28','True'),(624,135,'2023-07-28','True'),(625,135,'2023-07-28','True'),(626,136,'2023-07-28','True'),(627,136,'2023-07-28','True'),(628,136,'2023-07-28','True'),(629,137,'2023-07-28','True'),(630,137,'2023-07-28','True'),(631,137,'2023-07-28','True'),(632,137,'2023-07-28','True'),(633,138,'2023-07-28','True'),(634,138,'2023-07-28','True'),(635,138,'2023-07-28','True'),(636,138,'2023-07-28','True'),(637,138,'2023-07-28','True'),(638,139,'2023-07-28','True'),(639,139,'2023-07-28','True'),(640,139,'2023-07-28','True'),(641,139,'2023-07-28','True'),(642,139,'2023-07-28','True'),(643,139,'2023-07-28','True'),(644,140,'2023-07-28','True'),(645,140,'2023-07-28','True'),(646,140,'2023-07-28','True'),(647,140,'2023-07-28','True'),(648,140,'2023-07-28','True'),(649,141,'2023-07-28','True'),(650,141,'2023-07-28','True'),(651,141,'2023-07-28','True'),(652,141,'2023-07-28','True'),(653,141,'2023-07-28','True'),(654,142,'2023-07-28','True'),(655,142,'2023-07-28','True'),(656,142,'2023-07-28','True'),(657,142,'2023-07-28','True'),(658,142,'2023-07-28','True'),(659,143,'2023-07-28','True'),(660,143,'2023-07-28','True'),(661,143,'2023-07-28','True'),(662,143,'2023-07-28','True'),(663,143,'2023-07-28','True'),(664,143,'2023-07-28','True'),(665,143,'2023-07-28','True'),(666,145,'2023-07-28','True'),(667,145,'2023-07-28','True'),(668,145,'2023-07-28','True'),(669,146,'2023-07-28','True'),(670,146,'2023-07-28','True'),(671,146,'2023-07-28','True'),(672,147,'2023-07-28','True'),(673,147,'2023-07-28','True'),(674,147,'2023-07-28','True'),(675,147,'2023-07-28','True'),(676,147,'2023-07-28','True'),(677,147,'2023-07-28','True'),(678,149,'2023-07-28','True'),(679,149,'2023-07-28','True'),(680,149,'2023-07-28','True'),(681,149,'2023-07-28','True'),(682,149,'2023-07-28','True'),(683,149,'2023-07-28','True'),(684,150,'2023-07-28','True'),(685,150,'2023-07-28','True'),(686,150,'2023-07-28','True'),(687,150,'2023-07-28','True'),(688,150,'2023-07-28','True'),(689,150,'2023-07-28','True'),(690,151,'2023-07-28','True'),(691,151,'2023-07-28','True'),(692,151,'2023-07-28','True'),(693,151,'2023-07-28','True'),(694,152,'2023-07-28','True'),(695,152,'2023-07-28','True'),(696,152,'2023-07-28','True'),(697,152,'2023-07-28','True'),(698,153,'2023-07-28','True'),(699,153,'2023-07-28','True'),(700,153,'2023-07-28','True'),(701,153,'2023-07-28','True'),(702,154,'2023-07-28','True'),(703,154,'2023-07-28','True'),(704,154,'2023-07-28','True'),(705,154,'2023-07-28','True'),(706,154,'2023-07-28','True'),(707,154,'2023-07-28','True'),(708,154,'2023-07-28','True'),(709,155,'2023-07-28','True'),(710,155,'2023-07-28','True'),(711,155,'2023-07-28','True'),(712,155,'2023-07-28','True'),(713,155,'2023-07-28','True'),(714,156,'2023-07-28','True'),(715,156,'2023-07-28','True'),(716,157,'2023-07-28','True'),(717,157,'2023-07-28','True'),(718,157,'2023-07-28','True'),(719,158,'2023-07-28','True'),(720,158,'2023-07-28','True'),(721,158,'2023-07-28','True'),(722,158,'2023-07-28','True'),(723,158,'2023-07-28','True'),(724,159,'2023-07-28','True'),(725,159,'2023-07-28','True'),(726,159,'2023-07-28','True'),(727,159,'2023-07-28','True'),(728,159,'2023-07-28','True'),(729,159,'2023-07-28','True'),(730,159,'2023-07-28','True'),(731,160,'2023-07-28','True'),(732,160,'2023-07-28','True'),(733,160,'2023-07-28','True'),(734,160,'2023-07-28','True'),(735,160,'2023-07-28','True'),(736,161,'2023-07-28','True'),(737,161,'2023-07-28','True'),(738,162,'2023-07-28','True'),(739,162,'2023-07-28','True'),(740,162,'2023-07-28','True'),(741,162,'2023-07-28','True'),(742,162,'2023-07-28','True'),(743,162,'2023-07-28','True'),(744,162,'2023-07-28','True'),(745,163,'2023-07-28','True'),(746,163,'2023-07-28','True'),(747,163,'2023-07-28','True'),(748,164,'2023-07-28','True'),(749,164,'2023-07-28','True'),(750,164,'2023-07-28','True'),(751,164,'2023-07-28','True'),(752,164,'2023-07-28','True'),(753,165,'2023-07-28','True'),(754,165,'2023-07-28','True'),(755,165,'2023-07-28','True'),(756,165,'2023-07-28','True'),(757,165,'2023-07-28','True'),(758,166,'2023-07-28','True'),(759,166,'2023-07-28','True'),(760,166,'2023-07-28','True'),(761,166,'2023-07-28','True'),(762,166,'2023-07-28','True'),(763,166,'2023-07-28','True'),(764,167,'2023-07-28','True'),(765,167,'2023-07-28','True'),(766,167,'2023-07-28','True'),(767,167,'2023-07-28','True'),(768,167,'2023-07-28','True'),(769,167,'2023-07-28','True'),(770,167,'2023-07-28','True'),(771,168,'2023-07-28','True'),(772,168,'2023-07-28','True'),(773,169,'2023-07-28','True'),(774,169,'2023-07-28','True'),(775,169,'2023-07-28','True'),(776,169,'2023-07-28','True'),(777,170,'2023-07-28','True'),(778,170,'2023-07-28','True'),(779,170,'2023-07-28','True'),(780,170,'2023-07-28','True'),(781,170,'2023-07-28','True'),(782,170,'2023-07-28','True'),(783,172,'2023-07-28','True'),(784,172,'2023-07-28','True'),(785,172,'2023-07-28','True'),(786,172,'2023-07-28','True'),(787,172,'2023-07-28','True'),(788,172,'2023-07-28','True'),(789,172,'2023-07-28','True'),(790,173,'2023-07-28','True'),(791,173,'2023-07-28','True'),(792,173,'2023-07-28','True'),(793,173,'2023-07-28','True'),(794,173,'2023-07-28','True'),(795,174,'2023-07-28','True'),(796,174,'2023-07-28','True'),(797,174,'2023-07-28','True'),(798,174,'2023-07-28','True'),(799,174,'2023-07-28','True'),(800,174,'2023-07-28','True'),(801,174,'2023-07-28','True'),(802,174,'2023-07-28','True'),(803,175,'2023-07-28','True'),(804,175,'2023-07-28','True'),(805,175,'2023-07-28','True'),(806,175,'2023-07-28','True'),(807,175,'2023-07-28','True'),(808,176,'2023-07-28','True'),(809,176,'2023-07-28','True'),(810,176,'2023-07-28','True'),(811,176,'2023-07-28','True'),(812,176,'2023-07-28','True'),(813,176,'2023-07-28','True'),(814,177,'2023-07-28','True'),(815,177,'2023-07-28','True'),(816,177,'2023-07-28','True'),(817,178,'2023-07-28','True'),(818,178,'2023-07-28','True'),(819,179,'2023-07-28','True'),(820,179,'2023-07-28','True'),(821,179,'2023-07-28','True'),(822,179,'2023-07-28','True'),(823,180,'2023-07-28','True'),(824,180,'2023-07-28','True'),(825,181,'2023-07-28','True'),(826,181,'2023-07-28','True'),(827,181,'2023-07-28','True'),(828,181,'2023-07-28','True'),(829,181,'2023-07-28','True'),(830,181,'2023-07-28','True'),(831,181,'2023-07-28','True'),(832,182,'2023-07-28','True'),(833,182,'2023-07-28','True'),(834,183,'2023-07-28','True'),(835,183,'2023-07-28','True'),(836,183,'2023-07-28','True'),(837,183,'2023-07-28','True'),(838,183,'2023-07-28','True'),(839,183,'2023-07-28','True'),(840,184,'2023-07-28','True'),(841,184,'2023-07-28','True'),(842,184,'2023-07-28','True'),(843,184,'2023-07-28','True'),(844,184,'2023-07-28','True'),(845,185,'2023-07-28','True'),(846,185,'2023-07-28','True'),(847,186,'2023-07-28','True'),(848,186,'2023-07-28','True'),(849,186,'2023-07-28','True'),(850,186,'2023-07-28','True'),(851,187,'2023-07-28','True'),(852,187,'2023-07-28','True'),(853,187,'2023-07-28','True'),(854,188,'2023-07-28','True'),(855,188,'2023-07-28','True'),(856,188,'2023-07-28','True'),(857,189,'2023-07-28','True'),(858,189,'2023-07-28','True'),(859,189,'2023-07-28','True'),(860,189,'2023-07-28','True'),(861,189,'2023-07-28','True'),(862,189,'2023-07-28','True'),(863,190,'2023-07-28','True'),(864,190,'2023-07-28','True'),(865,190,'2023-07-28','True'),(866,190,'2023-07-28','True'),(867,191,'2023-07-28','True'),(868,191,'2023-07-28','True'),(869,191,'2023-07-28','True'),(870,191,'2023-07-28','True'),(871,191,'2023-07-28','True'),(872,191,'2023-07-28','True'),(873,193,'2023-07-28','True'),(874,193,'2023-07-28','True'),(875,193,'2023-07-28','True'),(876,193,'2023-07-28','True'),(877,193,'2023-07-28','True'),(878,193,'2023-07-28','True'),(879,193,'2023-07-28','True'),(880,193,'2023-07-28','True'),(881,194,'2023-07-28','True'),(882,194,'2023-07-28','True'),(883,194,'2023-07-28','True'),(884,194,'2023-07-28','True'),(885,196,'2023-07-28','True'),(886,196,'2023-07-28','True'),(887,197,'2023-07-28','True'),(888,197,'2023-07-28','True'),(889,199,'2023-07-28','True'),(890,199,'2023-07-28','True'),(891,199,'2023-07-28','True'),(892,199,'2023-07-28','True'),(893,199,'2023-07-28','True'),(894,199,'2023-07-28','True'),(895,199,'2023-07-28','True'),(896,199,'2023-07-28','True'),(897,200,'2023-07-28','True'),(898,200,'2023-07-28','True'),(899,200,'2023-07-28','True'),(900,200,'2023-07-28','True'),(901,200,'2023-07-28','True'),(902,200,'2023-07-28','True'),(903,200,'2023-07-28','True'),(904,200,'2023-07-28','True'),(905,201,'2023-07-28','True'),(906,201,'2023-07-28','True'),(907,201,'2023-07-28','True'),(908,201,'2023-07-28','True'),(909,202,'2023-07-28','True'),(910,202,'2023-07-28','True'),(911,202,'2023-07-28','True'),(912,203,'2023-07-28','True'),(913,203,'2023-07-28','True'),(914,203,'2023-07-28','True'),(915,203,'2023-07-28','True'),(916,204,'2023-07-28','True'),(917,204,'2023-07-28','True'),(918,204,'2023-07-28','True'),(919,204,'2023-07-28','True'),(920,204,'2023-07-28','True'),(921,204,'2023-07-28','True'),(922,205,'2023-07-28','True'),(923,205,'2023-07-28','True'),(924,205,'2023-07-28','True'),(925,205,'2023-07-28','True'),(926,206,'2023-07-28','True'),(927,206,'2023-07-28','True'),(928,206,'2023-07-28','True'),(929,206,'2023-07-28','True'),(930,206,'2023-07-28','True'),(931,206,'2023-07-28','True'),(932,206,'2023-07-28','True'),(933,206,'2023-07-28','True'),(934,207,'2023-07-28','True'),(935,207,'2023-07-28','True'),(936,207,'2023-07-28','True'),(937,207,'2023-07-28','True'),(938,208,'2023-07-28','True'),(939,208,'2023-07-28','True'),(940,208,'2023-07-28','True'),(941,209,'2023-07-28','True'),(942,209,'2023-07-28','True'),(943,209,'2023-07-28','True'),(944,209,'2023-07-28','True'),(945,210,'2023-07-28','True'),(946,210,'2023-07-28','True'),(947,210,'2023-07-28','True'),(948,211,'2023-07-28','True'),(949,211,'2023-07-28','True'),(950,212,'2023-07-28','True'),(951,212,'2023-07-28','True'),(952,212,'2023-07-28','True'),(953,212,'2023-07-28','True'),(954,212,'2023-07-28','True'),(955,213,'2023-07-28','True'),(956,213,'2023-07-28','True'),(957,213,'2023-07-28','True'),(958,213,'2023-07-28','True'),(959,214,'2023-07-28','True'),(960,214,'2023-07-28','True'),(961,214,'2023-07-28','True'),(962,214,'2023-07-28','True'),(963,215,'2023-07-28','True'),(964,215,'2023-07-28','True'),(965,215,'2023-07-28','True'),(966,215,'2023-07-28','True'),(967,215,'2023-07-28','True'),(968,215,'2023-07-28','True'),(969,216,'2023-07-28','True'),(970,216,'2023-07-28','True'),(971,216,'2023-07-28','True'),(972,216,'2023-07-28','True'),(973,216,'2023-07-28','True'),(974,218,'2023-07-28','True'),(975,218,'2023-07-28','True'),(976,218,'2023-07-28','True'),(977,218,'2023-07-28','True'),(978,218,'2023-07-28','True'),(979,218,'2023-07-28','True'),(980,218,'2023-07-28','True'),(981,219,'2023-07-28','True'),(982,219,'2023-07-28','True'),(983,219,'2023-07-28','True'),(984,219,'2023-07-28','True'),(985,220,'2023-07-28','True'),(986,220,'2023-07-28','True'),(987,220,'2023-07-28','True'),(988,220,'2023-07-28','True'),(989,220,'2023-07-28','True'),(990,220,'2023-07-28','True'),(991,220,'2023-07-28','True'),(992,220,'2023-07-28','True'),(993,222,'2023-07-28','True'),(994,222,'2023-07-28','True'),(995,222,'2023-07-28','True'),(996,222,'2023-07-28','True'),(997,222,'2023-07-28','True'),(998,222,'2023-07-28','True'),(999,223,'2023-07-28','True'),(1000,223,'2023-07-28','True');
/*!40000 ALTER TABLE `inventory` ENABLE KEYS */;
UNLOCK TABLES;

--
-- Table structure for table `language`
--

DROP TABLE IF EXISTS `language`;
/*!40101 SET @saved_cs_client     = @@character_set_client */;
/*!50503 SET character_set_client = utf8mb4 */;
CREATE TABLE `language` (
  `language_id` int NOT NULL,
  `name` varchar(45) DEFAULT NULL,
  `last_update` varchar(45) DEFAULT NULL,
  PRIMARY KEY (`language_id`)
) ENGINE=InnoDB DEFAULT CHARSET=utf8mb4 COLLATE=utf8mb4_0900_ai_ci;
/*!40101 SET character_set_client = @saved_cs_client */;

--
-- Dumping data for table `language`
--

LOCK TABLES `language` WRITE;
/*!40000 ALTER TABLE `language` DISABLE KEYS */;
INSERT INTO `language` VALUES (1,'English','2023-07-28'),(2,'Italian','2023-07-28'),(3,'Japanese','2023-07-28'),(4,'Mandarin','2023-07-28'),(5,'French','2023-07-28'),(6,'German','2023-07-28');
/*!40000 ALTER TABLE `language` ENABLE KEYS */;
UNLOCK TABLES;

--
-- Table structure for table `language_clean`
--

DROP TABLE IF EXISTS `language_clean`;
/*!40101 SET @saved_cs_client     = @@character_set_client */;
/*!50503 SET character_set_client = utf8mb4 */;
CREATE TABLE `language_clean` (
  `language_id` int DEFAULT NULL,
  `name` text,
  `last_update` text
) ENGINE=InnoDB DEFAULT CHARSET=utf8mb4 COLLATE=utf8mb4_0900_ai_ci;
/*!40101 SET character_set_client = @saved_cs_client */;

--
-- Dumping data for table `language_clean`
--

LOCK TABLES `language_clean` WRITE;
/*!40000 ALTER TABLE `language_clean` DISABLE KEYS */;
INSERT INTO `language_clean` VALUES (1,'English','2023-07-28'),(2,'Italian','2023-07-28'),(3,'Japanese','2023-07-28'),(4,'Mandarin','2023-07-28'),(5,'French','2023-07-28'),(6,'German','2023-07-28');
/*!40000 ALTER TABLE `language_clean` ENABLE KEYS */;
UNLOCK TABLES;

--
-- Table structure for table `old_HDD`
--

DROP TABLE IF EXISTS `old_HDD`;
/*!40101 SET @saved_cs_client     = @@character_set_client */;
/*!50503 SET character_set_client = utf8mb4 */;
CREATE TABLE `old_HDD` (
  `actor_id` int NOT NULL,
  `film_id` int NOT NULL,
  PRIMARY KEY (`actor_id`,`film_id`),
  KEY `fk_actor_has_film_film1_idx` (`film_id`),
  KEY `fk_actor_has_film_actor1_idx` (`actor_id`),
  CONSTRAINT `fk_actor_has_film_actor1` FOREIGN KEY (`actor_id`) REFERENCES `actor` (`actor_id`),
  CONSTRAINT `fk_actor_has_film_film1` FOREIGN KEY (`film_id`) REFERENCES `film` (`film_id`)
) ENGINE=InnoDB DEFAULT CHARSET=utf8mb4 COLLATE=utf8mb4_0900_ai_ci;
/*!40101 SET character_set_client = @saved_cs_client */;

--
-- Dumping data for table `old_HDD`
--

LOCK TABLES `old_HDD` WRITE;
/*!40000 ALTER TABLE `old_HDD` DISABLE KEYS */;
INSERT INTO `old_HDD` VALUES (1,1),(10,1),(20,1),(30,1),(19,2),(2,3),(19,3),(24,3),(21,6),(23,6),(10,9),(22,9),(26,9),(29,10),(35,10),(37,10),(37,12),(28,14),(36,15),(12,16),(3,17),(12,17),(13,17),(5,19),(27,19),(37,19),(25,21),(26,21),(1,23),(4,23),(22,23),(38,24),(1,25),(4,25),(7,25),(7,27),(6,29),(13,29),(9,30),(2,31),(15,31),(12,34),(26,34),(27,34),(7,35),(35,35),(12,37),(3,40),(3,42),(23,42),(28,43),(34,43),(18,44),(13,45),(2,47),(8,47),(35,52),(6,53),(30,53),(5,54),(20,54),(4,56),(22,56),(33,56),(28,58),(6,60),(4,62),(20,63),(30,64),(32,65),(7,67),(30,69),(6,70),(39,71),(39,73),(9,74),(28,74),(30,77),(23,78),(4,79),(29,79),(16,80),(36,81),(24,83),(18,84),(32,84),(5,85),(27,85),(25,86),(3,87),(4,87),(13,87),(16,87),(21,87),(30,87),(21,88),(31,88),(15,89),(22,89),(26,90),(34,90),(12,91),(15,91),(12,92),(26,93),(7,96),(17,96),(28,96),(16,101),(26,103),(32,103),(2,105),(23,105),(29,105),(1,106),(12,107),(28,107),(15,108),(13,110),(29,110),(3,111),(22,111),(38,111),(6,112),(24,112),(32,112),(33,112),(8,115),(23,116),(23,117),(11,118),(37,118),(17,119),(34,119),(37,119),(16,121),(37,122),(17,124),(15,125),(23,125),(34,125),(24,126),(17,127),(29,131),(2,132),(29,133),(33,135),(32,136),(1,140),(20,140),(21,142),(13,144),(18,144),(19,144),(2,145),(5,146),(20,146),(22,146),(31,146),(37,146),(9,147),(26,147),(9,148),(24,148),(27,150),(19,152),(25,153),(13,154),(14,154),(17,154),(33,154),(12,155),(16,155),(8,158),(21,159),(38,160),(13,162),(31,163),(6,164),(24,164),(31,164),(6,165),(20,165),(1,166),(39,168),(7,170),(5,171),(36,171),(5,172),(18,172),(27,172),(29,172),(34,172),(7,173),(38,176),(12,177),(16,177),(24,178),(8,179),(21,179),(25,179),(19,182),(34,182),(3,185),(26,186),(14,187),(31,188),(9,191),(10,191),(6,193),(24,194),(8,195),(32,197),(17,199),(24,199),(32,199),(9,200),(17,201),(26,201),(35,201),(5,202),(5,203),(13,203),(39,203),(9,204),(25,204),(37,204),(8,205),(11,205),(12,208),(19,208),(19,212),(23,212),(12,213),(25,213),(33,214),(12,216),(7,217),(19,217),(7,218),(16,218),(32,219),(16,221),(39,222),(38,223),(7,225),(26,225),(2,226),(23,226),(25,226),(29,226),(20,231),(36,231),(14,232),(23,235),(10,236),(15,236),(17,236),(14,241),(26,241),(38,241),(24,242),(12,243),(20,243),(34,244),(25,245),(36,245),(2,249),(10,251),(33,252),(14,253),(21,253),(37,253),(13,254),(23,254),(8,255),(14,255),(6,256),(24,256),(35,256),(14,258),(28,259),(30,260),(37,260),(30,262),(8,263),(28,263),(19,266),(16,267),(18,268),(16,269),(20,269),(16,271),(27,273),(29,273),(20,274),(38,274),(15,275),(1,277),(24,277),(37,277),(18,279),(15,280),(16,280),(17,280),(18,280),(11,281),(21,281),(29,282),(11,283),(36,283),(14,284),(5,286),(30,286),(16,287),(28,287),(5,288),(3,289),(39,290),(22,291),(7,292),(14,292),(30,292),(39,293),(22,294),(29,296),(31,299),(30,301),(33,305),(33,306),(31,308),(32,309),(17,310),(25,311),(29,311),(32,312),(17,313),(2,314),(5,316),(37,317),(30,318),(2,321),(8,321),(18,321),(21,321),(30,321),(15,326),(26,327),(3,329),(26,329),(27,334),(24,335),(29,335),(38,335),(3,336),(34,336),(13,337),(38,338),(5,340),(26,340),(3,341),(15,342),(29,342),(12,344),(16,345),(26,345),(13,346),(27,347),(11,348),(20,348),(22,349),(7,351),(38,353),(4,355),(2,357),(30,357),(28,358),(27,359),(1,361),(11,364),(10,366),(20,366),(23,367),(31,368),(2,369),(5,369),(22,369),(14,370),(23,370),(5,375),(17,378),(4,379),(31,380),(36,380),(13,381),(36,381),(5,383),(13,385),(18,386),(36,387),(34,389),(35,389),(26,390),(36,390),(5,392),(26,392),(3,393),(34,393),(11,395),(8,396),(4,398),(21,398),(27,398),(2,399),(12,400),(32,401),(19,404),(25,404),(24,405),(36,410),(5,411),(25,411),(7,414),(15,414),(23,414),(14,415),(27,415),(12,416),(14,417),(14,418),(22,418),(23,419),(12,420),(25,420),(21,426),(36,426),(13,427),(32,427),(36,427),(19,428),(11,429),(21,429),(22,430),(31,431),(32,431),(11,433),(9,434),(23,435),(29,436),(1,438),(16,438),(34,438),(3,441),(29,444),(15,445),(20,445),(38,448),(23,449),(29,449),(38,450),(6,451),(3,453),(11,453),(16,453),(36,453),(14,454),(16,455),(13,456),(16,456),(12,457),(17,457),(2,458),(8,458),(38,458),(18,460),(18,462),(27,462),(29,462),(4,463),(7,463),(24,463),(36,466),(37,467),(17,469),(14,472),(19,473),(33,473),(14,475),(10,477),(27,477),(37,477),(17,478),(20,478),(3,480),(10,480),(2,481),(29,482),(22,483),(18,484),(36,484),(2,485),(11,485),(37,485),(29,488),(33,489),(4,490),(19,490),(22,491),(23,491),(20,492),(34,493),(36,493),(14,495),(22,495),(21,497),(1,499),(20,499),(36,499),(15,500),(17,500),(27,500),(38,501),(15,502),(28,502),(34,502),(5,503),(6,503),(16,503),(27,503),(1,506),(21,507),(28,508),(37,508),(1,509),(6,509),(9,510),(19,510),(12,513),(13,513),(19,513),(9,514),(13,515),(17,515),(24,515),(38,516),(6,517),(2,518),(6,519),(29,519),(17,521),(10,522),(13,522),(8,523),(32,523),(13,524),(34,525),(20,527),(13,528),(26,529),(37,529),(10,530),(21,530),(20,531),(8,532),(11,532),(28,532),(5,535),(14,536),(18,536),(22,536),(23,536),(14,537),(20,538),(25,538),(3,539),(2,540),(12,540),(27,540),(15,541),(26,544),(29,547),(38,547),(16,548),(23,549),(2,550),(28,551),(9,552),(15,553),(37,553),(7,554),(8,554),(2,555),(37,555),(2,561),(18,561),(25,564),(26,564),(30,565),(11,567),(32,567),(36,569),(5,571),(13,571),(37,572),(17,573),(28,574),(33,574),(16,582),(16,583),(25,583),(38,583),(24,585),(31,585),(32,585),(27,586),(10,587),(11,587),(13,588),(37,588),(20,589),(35,589),(29,590),(36,590),(12,593),(27,593),(15,594),(11,597),(13,597),(28,597),(13,600),(22,600),(36,600),(17,603),(24,603),(1,605),(6,605),(17,606),(25,606),(32,606),(14,612),(18,612),(35,612),(35,615),(4,616),(3,618),(7,618),(33,618),(38,618),(28,619),(38,619),(28,625),(15,626),(12,631),(7,633),(22,634),(1,635),(4,635),(12,635),(15,635),(26,635),(11,636),(23,636),(7,637),(27,637),(31,637),(20,643),(19,644),(26,644),(29,646),(22,648),(23,649),(5,650),(9,650),(32,651),(20,652),(28,652),(24,653),(37,662),(20,663),(37,663),(5,665),(32,667),(33,667),(34,668),(32,669),(19,670),(9,671),(12,672),(19,673),(23,673),(27,679),(28,679),(21,680),(26,682),(27,682),(3,685),(21,686),(5,687),(14,688),(22,688),(25,688),(26,688),(4,691),(7,691),(23,691),(6,692),(10,694),(33,694),(37,694),(27,695),(9,697),(25,697),(37,697),(21,700),(31,700),(21,702),(10,703),(24,704),(38,705),(35,707),(11,709),(19,711),(4,712),(33,712),(4,714),(20,714),(36,714),(26,715),(36,715),(10,716),(12,716),(36,716),(16,717),(18,717),(20,717),(13,718),(34,720),(4,721),(9,722),(29,723),(12,728),(13,729),(5,730),(22,731),(36,731),(5,732),(26,732),(30,732),(35,732),(21,733),(17,734),(21,734),(33,735),(33,737),(35,738),(31,739),(2,742),(22,742),(28,743),(15,745),(35,748),(1,749),(19,750),(8,752),(9,752),(19,752),(2,754),(33,754),(25,755),(19,756),(20,757),(7,758),(16,758),(26,758),(14,759),(14,764),(26,764),(7,766),(23,766),(8,769),(7,770),(17,770),(8,771),(19,771),(27,771),(22,775),(33,775),(16,779),(34,779),(24,781),(10,782),(23,782),(15,783),(20,784),(19,785),(37,785),(34,788),(28,790),(28,793),(31,793),(38,793),(17,794),(34,794),(15,795),(26,795),(30,797),(4,798),(21,798),(17,800),(22,802),(31,802),(21,804),(23,804),(7,805),(27,805),(7,806),(18,808),(2,811),(5,811),(9,811),(12,812),(29,812),(9,815),(32,815),(13,816),(28,816),(5,817),(13,817),(15,817),(35,817),(23,820),(26,821),(6,826),(23,826),(3,827),(28,827),(38,827),(24,829),(27,830),(1,832),(4,832),(13,832),(24,832),(13,833),(23,833),(28,835),(34,836),(12,838),(30,838),(37,839),(38,839),(37,840),(5,841),(18,842),(23,842),(13,843),(7,846),(34,846),(14,847),(11,850),(17,853),(23,853),(34,853),(37,853),(38,853),(11,854),(27,854),(23,855),(14,856),(23,856),(4,858),(8,859),(29,862),(18,863),(20,863),(5,865),(9,865),(12,871),(25,871),(9,873),(17,873),(27,873),(17,874),(36,875),(38,876),(19,877),(33,878),(28,879),(12,880),(17,880),(27,880),(31,880),(33,881),(18,883),(26,885),(15,886),(16,886),(21,887),(11,888),(9,889),(27,889),(14,890),(6,892),(21,893),(8,895),(11,896),(13,897),(7,900),(37,900),(7,901),(6,902),(9,903),(26,904),(27,904),(26,906),(14,908),(28,908),(4,909),(7,910),(22,912),(10,914),(25,914),(35,914),(36,915),(18,917),(14,919),(21,920),(4,924),(15,924),(37,925),(9,926),(11,928),(29,928),(32,928),(10,929),(34,929),(10,930),(36,931),(23,935),(8,936),(11,938),(1,939),(18,944),(29,944),(12,945),(30,945),(14,948),(17,948),(15,949),(34,950),(28,953),(36,956),(7,957),(17,957),(2,958),(7,959),(17,959),(20,962),(37,963),(9,964),(10,964),(22,964),(33,965),(3,966),(10,966),(13,966),(37,966),(3,967),(16,967),(27,967),(15,968),(11,969),(24,969),(1,970),(14,970),(3,971),(34,971),(33,972),(28,973),(9,974),(20,977),(31,978),(1,980),(10,980),(32,980),(23,981),(10,983),(21,983),(15,985),(27,986),(11,988),(37,989),(33,993),(6,994),(28,994),(3,996),(27,996),(23,997),(37,997),(13,998);
/*!40000 ALTER TABLE `old_HDD` ENABLE KEYS */;
UNLOCK TABLES;

--
-- Table structure for table `rental`
--

DROP TABLE IF EXISTS `rental`;
/*!40101 SET @saved_cs_client     = @@character_set_client */;
/*!50503 SET character_set_client = utf8mb4 */;
CREATE TABLE `rental` (
  `rental_id` int NOT NULL,
  `rental_date` varchar(45) DEFAULT NULL,
  `inventory_id` int NOT NULL,
  `customer_id` int NOT NULL,
  `return_date` varchar(45) DEFAULT NULL,
  `staff_id` varchar(45) DEFAULT NULL,
  `last_update` varchar(45) DEFAULT NULL,
  PRIMARY KEY (`rental_id`,`inventory_id`,`customer_id`),
  KEY `fk_rental_inventory1_idx` (`inventory_id`),
  KEY `fk_rental_customer1_idx` (`customer_id`),
  CONSTRAINT `fk_rental_customer1` FOREIGN KEY (`customer_id`) REFERENCES `customer` (`customer_id`),
  CONSTRAINT `fk_rental_inventory1` FOREIGN KEY (`inventory_id`) REFERENCES `inventory` (`inventory_id`)
) ENGINE=InnoDB DEFAULT CHARSET=utf8mb4 COLLATE=utf8mb4_0900_ai_ci;
/*!40101 SET character_set_client = @saved_cs_client */;

--
-- Dumping data for table `rental`
--

LOCK TABLES `rental` WRITE;
/*!40000 ALTER TABLE `rental` DISABLE KEYS */;
INSERT INTO `rental` VALUES (1,'2005-05-24 22:53:30',367,130,'2005-05-26 22:04:30','0','2023-07-28'),(16,'2005-05-25 00:43:11',389,316,'2005-05-26 04:42:11','0','2023-07-28'),(17,'2005-05-25 01:06:36',830,575,'2005-05-27 00:43:36','0','2023-07-28'),(21,'2005-05-25 01:59:46',146,388,'2005-05-26 01:01:46','0','2023-07-28'),(22,'2005-05-25 02:19:23',727,509,'2005-05-26 04:52:23','0','2023-07-28'),(29,'2005-05-25 03:47:12',611,44,'2005-05-30 00:31:12','0','2023-07-28'),(37,'2005-05-25 04:44:31',403,535,'2005-05-29 01:03:31','0','2023-07-28'),(42,'2005-05-25 05:24:58',380,523,'2005-05-31 02:47:58','0','2023-07-28'),(60,'2005-05-25 08:58:25',330,470,'2005-05-30 14:14:25','0','2023-07-28'),(62,'2005-05-25 09:18:52',261,419,'2005-05-30 10:55:52','0','2023-07-28'),(64,'2005-05-25 09:21:29',79,368,'2005-06-03 11:31:29','0','2023-07-28'),(67,'2005-05-25 09:41:01',239,119,'2005-05-27 13:46:01','0','2023-07-28'),(73,'2005-05-25 11:00:07',517,391,'2005-06-01 13:56:07','0','2023-07-28'),(83,'2005-05-25 12:30:15',466,131,'2005-05-27 15:40:15','0','2023-07-28'),(85,'2005-05-25 13:05:34',470,414,'2005-05-29 16:53:34','0','2023-07-28'),(91,'2005-05-25 14:57:22',139,267,'2005-06-01 18:32:22','0','2023-07-28'),(92,'2005-05-25 15:38:46',775,302,'2005-05-31 13:40:46','0','2023-07-28'),(95,'2005-05-25 16:12:52',178,400,'2005-06-02 18:55:52','0','2023-07-28'),(99,'2005-05-25 16:50:20',535,44,'2005-05-28 18:52:20','0','2023-07-28'),(101,'2005-05-25 17:17:04',617,468,'2005-05-31 19:47:04','0','2023-07-28'),(102,'2005-05-25 17:22:10',373,343,'2005-05-31 19:47:10','0','2023-07-28'),(105,'2005-05-25 17:54:12',794,108,'2005-05-30 12:03:12','0','2023-07-28'),(115,'2005-05-25 19:13:25',749,455,'2005-05-29 20:17:25','0','2023-07-28'),(118,'2005-05-25 19:31:18',872,524,'2005-05-31 15:00:18','0','2023-07-28'),(120,'2005-05-25 19:37:47',37,365,'2005-06-01 23:29:47','0','2023-07-28'),(124,'2005-05-25 20:46:11',212,246,'2005-05-30 00:47:11','0','2023-07-28'),(125,'2005-05-25 20:48:50',952,368,'2005-06-02 21:39:50','0','2023-07-28'),(131,'2005-05-25 21:42:46',815,325,'2005-05-30 23:25:46','0','2023-07-28'),(133,'2005-05-25 21:48:30',399,237,'2005-05-30 00:26:30','0','2023-07-28'),(135,'2005-05-25 21:58:58',103,304,'2005-06-03 17:50:58','0','2023-07-28'),(139,'2005-05-25 23:00:21',327,257,'2005-05-29 17:12:21','0','2023-07-28'),(140,'2005-05-25 23:34:22',655,354,'2005-05-27 01:10:22','0','2023-07-28'),(141,'2005-05-25 23:34:53',811,89,'2005-06-02 01:57:53','0','2023-07-28'),(143,'2005-05-25 23:45:52',847,297,'2005-05-27 21:41:52','0','2023-07-28'),(147,'2005-05-26 00:17:50',633,274,'2005-05-29 23:21:50','0','2023-07-28'),(150,'2005-05-26 00:28:39',909,429,'2005-06-01 02:10:39','0','2023-07-28'),(155,'2005-05-26 01:15:05',288,551,'2005-06-01 00:03:05','0','2023-07-28'),(157,'2005-05-26 01:25:21',887,344,'2005-05-26 21:17:21','0','2023-07-28'),(167,'2005-05-26 02:50:31',865,401,'2005-05-27 03:07:31','0','2023-07-28'),(176,'2005-05-26 03:47:39',851,250,'2005-06-01 02:36:39','0','2023-07-28'),(189,'2005-05-26 06:01:41',984,247,'2005-05-27 06:11:41','0','2023-07-28'),(195,'2005-05-26 06:52:36',506,564,'2005-05-31 02:47:36','0','2023-07-28'),(196,'2005-05-26 06:55:58',190,184,'2005-05-27 10:54:58','0','2023-07-28'),(201,'2005-05-26 07:13:45',776,444,'2005-06-04 02:02:45','0','2023-07-28'),(202,'2005-05-26 07:27:36',674,20,'2005-06-02 03:52:36','0','2023-07-28'),(205,'2005-05-26 07:59:37',303,114,'2005-05-29 09:43:37','0','2023-07-28'),(207,'2005-05-26 08:04:38',102,47,'2005-05-27 09:32:38','0','2023-07-28'),(209,'2005-05-26 08:14:01',729,379,'2005-05-27 09:00:01','0','2023-07-28'),(212,'2005-05-26 08:34:41',764,59,'2005-05-30 12:46:41','0','2023-07-28'),(215,'2005-05-26 09:02:47',679,197,'2005-05-28 09:45:47','0','2023-07-28'),(225,'2005-05-26 10:27:50',651,467,'2005-06-01 07:01:50','0','2023-07-28'),(227,'2005-05-26 10:51:46',214,301,'2005-05-30 07:24:46','0','2023-07-28'),(228,'2005-05-26 10:54:28',511,571,'2005-06-04 09:39:28','0','2023-07-28'),(233,'2005-05-26 11:43:44',715,531,'2005-05-28 17:28:44','0','2023-07-28'),(237,'2005-05-26 12:15:13',241,536,'2005-05-29 18:10:13','0','2023-07-28'),(238,'2005-05-26 12:30:22',503,211,'2005-05-27 06:49:22','0','2023-07-28'),(239,'2005-05-26 12:30:26',131,49,'2005-06-01 13:26:26','0','2023-07-28'),(250,'2005-05-26 14:30:24',368,539,'2005-05-27 08:50:24','0','2023-07-28'),(259,'2005-05-26 15:32:46',30,482,'2005-06-04 15:27:46','0','2023-07-28'),(260,'2005-05-26 15:42:20',435,21,'2005-05-31 13:21:20','0','2023-07-28'),(270,'2005-05-26 16:20:56',207,200,'2005-06-03 12:40:56','0','2023-07-28'),(272,'2005-05-26 16:27:11',971,71,'2005-06-03 13:10:11','0','2023-07-28'),(274,'2005-05-26 16:48:51',656,311,'2005-06-03 18:17:51','0','2023-07-28'),(278,'2005-05-26 17:40:58',182,214,'2005-06-02 16:43:58','0','2023-07-28'),(279,'2005-05-26 18:02:50',661,384,'2005-06-03 18:48:50','0','2023-07-28'),(284,'2005-05-26 19:21:44',350,359,'2005-06-04 14:18:44','0','2023-07-28'),(286,'2005-05-26 19:44:51',314,371,'2005-06-04 18:00:51','0','2023-07-28'),(291,'2005-05-26 20:20:47',485,577,'2005-06-03 02:06:47','0','2023-07-28'),(300,'2005-05-26 20:57:00',249,47,'2005-06-05 01:34:00','0','2023-07-28'),(308,'2005-05-26 22:01:39',187,277,'2005-06-04 20:24:39','0','2023-07-28'),(310,'2005-05-26 22:41:07',593,409,'2005-06-02 04:09:07','0','2023-07-28'),(317,'2005-05-26 23:23:56',26,391,'2005-06-01 19:56:56','0','2023-07-28'),(337,'2005-05-27 03:22:30',751,19,'2005-06-02 03:27:30','0','2023-07-28'),(340,'2005-05-27 03:55:25',946,209,'2005-06-04 07:57:25','0','2023-07-28'),(355,'2005-05-27 06:15:33',141,446,'2005-06-01 02:50:33','0','2023-07-28'),(361,'2005-05-27 07:03:28',6,587,'2005-05-31 08:01:28','0','2023-07-28'),(364,'2005-05-27 07:20:12',833,430,'2005-05-31 10:44:12','0','2023-07-28'),(366,'2005-05-27 07:33:54',360,134,'2005-06-04 01:55:54','0','2023-07-28'),(369,'2005-05-27 07:46:49',944,508,'2005-06-01 06:20:49','0','2023-07-28'),(383,'2005-05-27 10:12:20',955,298,'2005-06-03 10:37:20','0','2023-07-28'),(384,'2005-05-27 10:18:20',910,371,'2005-06-02 09:21:20','0','2023-07-28'),(388,'2005-05-27 10:37:27',434,28,'2005-05-30 05:45:27','0','2023-07-28'),(389,'2005-05-27 10:45:41',691,500,'2005-06-05 06:22:41','0','2023-07-28'),(392,'2005-05-27 11:14:42',263,359,'2005-06-01 14:28:42','0','2023-07-28'),(393,'2005-05-27 11:18:25',145,251,'2005-05-28 07:10:25','0','2023-07-28'),(395,'2005-05-27 11:45:49',752,575,'2005-05-31 13:42:49','0','2023-07-28'),(399,'2005-05-27 12:48:38',553,204,'2005-05-29 15:27:38','0','2023-07-28'),(400,'2005-05-27 12:51:44',258,249,'2005-05-31 08:34:44','0','2023-07-28'),(402,'2005-05-27 13:17:18',461,354,'2005-05-30 08:53:18','0','2023-07-28'),(420,'2005-05-27 15:19:38',619,93,'2005-06-03 15:07:38','0','2023-07-28'),(429,'2005-05-27 16:21:26',129,498,'2005-06-05 20:23:26','0','2023-07-28'),(439,'2005-05-27 17:54:48',354,319,'2005-06-02 23:01:48','0','2023-07-28'),(444,'2005-05-27 18:39:15',723,239,'2005-06-01 15:56:15','0','2023-07-28'),(451,'2005-05-27 19:27:54',205,87,'2005-05-29 01:07:54','0','2023-07-28'),(459,'2005-05-27 20:00:04',597,468,'2005-05-29 22:47:04','0','2023-07-28'),(463,'2005-05-27 20:11:47',826,21,'2005-06-04 21:18:47','0','2023-07-28'),(465,'2005-05-27 20:44:36',20,261,'2005-06-02 02:43:36','0','2023-07-28'),(467,'2005-05-27 21:10:03',339,557,'2005-06-01 16:08:03','0','2023-07-28'),(473,'2005-05-27 21:36:34',802,105,'2005-06-05 17:02:34','0','2023-07-28'),(478,'2005-05-27 22:38:20',424,557,'2005-05-31 18:39:20','0','2023-07-28'),(481,'2005-05-27 22:49:27',72,445,'2005-05-30 17:46:27','0','2023-07-28'),(488,'2005-05-28 00:07:50',393,168,'2005-06-03 22:30:50','0','2023-07-28'),(493,'2005-05-28 00:34:11',184,501,'2005-05-30 18:40:11','0','2023-07-28'),(498,'2005-05-28 01:01:21',458,287,'2005-05-30 21:20:21','0','2023-07-28'),(501,'2005-05-28 01:09:36',601,162,'2005-05-30 06:14:36','0','2023-07-28'),(505,'2005-05-28 02:06:37',71,111,'2005-05-29 06:57:37','0','2023-07-28'),(506,'2005-05-28 02:09:19',667,469,'2005-06-05 20:34:19','0','2023-07-28'),(513,'2005-05-28 03:08:10',225,489,'2005-05-29 07:22:10','0','2023-07-28'),(517,'2005-05-28 03:17:57',234,403,'2005-05-29 06:33:57','0','2023-07-28'),(527,'2005-05-28 04:28:38',266,169,'2005-06-02 08:19:38','0','2023-07-28'),(534,'2005-05-28 06:15:25',992,184,'2005-06-06 07:51:25','0','2023-07-28'),(543,'2005-05-28 06:43:34',530,493,'2005-06-06 07:16:34','0','2023-07-28'),(546,'2005-05-28 07:16:25',487,20,'2005-06-01 08:36:25','0','2023-07-28'),(552,'2005-05-28 07:53:38',23,106,'2005-06-04 12:45:38','0','2023-07-28'),(557,'2005-05-28 08:36:22',158,444,'2005-06-03 10:42:22','0','2023-07-28'),(560,'2005-05-28 08:53:02',644,463,'2005-06-04 12:27:02','0','2023-07-28'),(561,'2005-05-28 08:54:06',928,77,'2005-06-05 05:54:06','0','2023-07-28'),(563,'2005-05-28 09:10:49',53,324,'2005-06-06 11:32:49','0','2023-07-28'),(577,'2005-05-28 11:09:14',375,6,'2005-06-01 13:27:14','0','2023-07-28'),(586,'2005-05-28 12:03:00',898,77,'2005-05-29 13:16:00','0','2023-07-28'),(588,'2005-05-28 12:08:37',95,89,'2005-05-29 16:25:37','0','2023-07-28'),(590,'2005-05-28 13:06:50',473,462,'2005-06-02 09:18:50','0','2023-07-28'),(591,'2005-05-28 13:11:04',377,19,'2005-05-29 17:20:04','0','2023-07-28'),(592,'2005-05-28 13:21:08',638,244,'2005-05-29 16:55:08','0','2023-07-28'),(595,'2005-05-28 13:59:54',595,294,'2005-06-05 15:16:54','0','2023-07-28'),(596,'2005-05-28 14:00:03',821,589,'2005-05-29 17:10:03','0','2023-07-28'),(598,'2005-05-28 14:04:50',599,159,'2005-06-03 18:00:50','0','2023-07-28'),(613,'2005-05-28 15:27:22',270,595,'2005-06-02 20:01:22','0','2023-07-28'),(614,'2005-05-28 15:33:28',280,307,'2005-06-04 12:27:28','0','2023-07-28'),(616,'2005-05-28 15:45:39',989,471,'2005-06-02 09:55:39','0','2023-07-28'),(626,'2005-05-28 16:58:09',452,584,'2005-06-01 14:02:09','0','2023-07-28'),(627,'2005-05-28 17:04:43',425,241,'2005-06-04 19:58:43','0','2023-07-28'),(633,'2005-05-28 17:37:59',58,360,'2005-06-03 22:49:59','0','2023-07-28'),(640,'2005-05-28 18:43:26',495,465,'2005-05-30 13:39:26','0','2023-07-28'),(642,'2005-05-28 18:49:12',140,157,'2005-06-01 20:50:12','0','2023-07-28'),(651,'2005-05-28 19:46:50',739,266,'2005-05-30 16:29:50','0','2023-07-28'),(653,'2005-05-28 20:12:20',126,327,'2005-06-04 14:44:20','0','2023-07-28'),(655,'2005-05-28 20:16:20',331,287,'2005-05-31 16:46:20','0','2023-07-28'),(657,'2005-05-28 20:23:09',848,65,'2005-06-01 02:11:09','0','2023-07-28'),(664,'2005-05-28 21:31:08',87,523,'2005-06-02 20:56:08','0','2023-07-28'),(667,'2005-05-28 21:49:02',797,596,'2005-05-31 03:07:02','0','2023-07-28'),(670,'2005-05-28 22:04:03',227,201,'2005-06-06 22:43:03','0','2023-07-28'),(672,'2005-05-28 22:05:29',697,306,'2005-06-06 02:10:29','0','2023-07-28'),(679,'2005-05-28 23:24:57',907,526,'2005-06-06 21:59:57','0','2023-07-28'),(689,'2005-05-29 00:46:53',742,571,'2005-06-03 23:48:53','0','2023-07-28'),(692,'2005-05-29 01:32:10',800,18,'2005-06-02 03:54:10','0','2023-07-28'),(693,'2005-05-29 01:42:31',635,190,'2005-06-03 02:29:31','0','2023-07-28'),(694,'2005-05-29 01:49:43',592,399,'2005-06-05 06:52:43','0','2023-07-28'),(699,'2005-05-29 02:11:44',130,246,'2005-06-04 20:23:44','0','2023-07-28'),(700,'2005-05-29 02:18:54',500,117,'2005-05-30 05:54:54','0','2023-07-28'),(701,'2005-05-29 02:26:27',372,112,'2005-06-03 04:59:27','0','2023-07-28'),(707,'2005-05-29 03:18:19',819,252,'2005-05-30 02:45:19','0','2023-07-28'),(710,'2005-05-29 03:48:36',194,518,'2005-06-03 05:03:36','0','2023-07-28'),(716,'2005-05-29 04:35:29',85,36,'2005-06-01 07:42:29','0','2023-07-28'),(719,'2005-05-29 05:16:05',267,245,'2005-06-01 07:53:05','0','2023-07-28'),(726,'2005-05-29 06:05:29',933,452,'2005-06-05 04:40:29','0','2023-07-28'),(728,'2005-05-29 06:12:38',242,551,'2005-06-03 07:41:38','0','2023-07-28'),(737,'2005-05-29 08:11:31',769,589,'2005-06-04 11:18:31','0','2023-07-28'),(740,'2005-05-29 08:30:36',600,89,'2005-06-04 12:47:36','0','2023-07-28'),(742,'2005-05-29 08:36:30',273,483,'2005-06-05 11:30:30','0','2023-07-28'),(745,'2005-05-29 09:22:57',581,152,'2005-06-01 09:10:57','0','2023-07-28'),(750,'2005-05-29 09:41:40',730,269,'2005-05-30 13:31:40','0','2023-07-28'),(754,'2005-05-29 10:18:59',734,281,'2005-06-04 05:03:59','0','2023-07-28'),(765,'2005-05-29 11:38:34',515,69,'2005-06-02 17:04:34','0','2023-07-28'),(767,'2005-05-29 12:20:19',687,67,'2005-06-02 14:15:19','0','2023-07-28'),(771,'2005-05-29 12:59:14',353,476,'2005-06-01 16:05:14','0','2023-07-28'),(773,'2005-05-29 13:18:05',245,563,'2005-06-07 17:22:05','0','2023-07-28'),(777,'2005-05-29 14:07:58',451,360,'2005-06-03 08:41:58','0','2023-07-28'),(779,'2005-05-29 14:17:17',533,105,'2005-06-06 16:46:17','0','2023-07-28'),(781,'2005-05-29 14:23:58',88,313,'2005-05-30 17:44:58','0','2023-07-28'),(785,'2005-05-29 15:08:41',39,72,'2005-05-30 15:51:41','0','2023-07-28'),(788,'2005-05-29 16:13:55',763,562,'2005-05-31 16:40:55','0','2023-07-28'),(789,'2005-05-29 16:17:07',708,553,'2005-06-06 18:15:07','0','2023-07-28'),(793,'2005-05-29 16:44:08',379,528,'2005-06-06 19:21:08','0','2023-07-28'),(795,'2005-05-29 16:57:39',609,551,'2005-06-01 11:33:39','0','2023-07-28'),(800,'2005-05-29 17:28:12',441,472,'2005-05-30 14:59:12','0','2023-07-28'),(802,'2005-05-29 17:38:59',785,350,'2005-05-31 22:42:59','0','2023-07-28'),(816,'2005-05-29 20:26:39',630,474,'2005-06-06 22:31:39','0','2023-07-28'),(817,'2005-05-29 20:39:14',186,554,'2005-05-31 18:24:14','0','2023-07-28'),(819,'2005-05-29 21:00:32',623,511,'2005-06-02 15:15:32','0','2023-07-28'),(825,'2005-05-29 21:49:41',712,371,'2005-06-04 20:27:41','0','2023-07-28'),(827,'2005-05-29 21:58:43',62,573,'2005-06-06 00:54:43','0','2023-07-28'),(835,'2005-05-29 23:37:00',299,381,'2005-06-02 23:38:00','0','2023-07-28'),(837,'2005-05-30 00:02:08',977,172,'2005-06-02 05:31:08','0','2023-07-28'),(844,'2005-05-30 00:58:20',536,429,'2005-06-01 00:38:20','0','2023-07-28'),(846,'2005-05-30 01:17:45',938,49,'2005-06-01 00:56:45','0','2023-07-28'),(854,'2005-05-30 01:56:11',921,369,'2005-06-01 06:34:11','0','2023-07-28'),(860,'2005-05-30 02:45:16',578,276,'2005-06-08 07:28:16','0','2023-07-28'),(874,'2005-05-30 05:36:21',363,52,'2005-06-01 09:32:21','0','2023-07-28'),(877,'2005-05-30 05:48:59',886,9,'2005-06-02 09:30:59','0','2023-07-28'),(881,'2005-05-30 06:15:36',602,242,'2005-06-02 10:21:36','0','2023-07-28'),(885,'2005-05-30 06:54:28',646,62,'2005-06-03 07:03:28','0','2023-07-28'),(888,'2005-05-30 07:13:14',387,128,'2005-06-06 09:50:14','0','2023-07-28'),(892,'2005-05-30 08:02:56',471,274,'2005-06-05 12:51:56','0','2023-07-28'),(901,'2005-05-30 09:40:40',760,259,'2005-06-02 10:32:40','0','2023-07-28'),(918,'2005-05-30 11:32:24',818,197,'2005-05-31 07:55:24','0','2023-07-28'),(928,'2005-05-30 12:27:14',246,79,'2005-06-05 13:56:14','0','2023-07-28'),(932,'2005-05-30 12:55:36',719,198,'2005-05-31 10:30:36','0','2023-07-28'),(936,'2005-05-30 13:52:49',901,469,'2005-06-07 16:56:49','0','2023-07-28'),(944,'2005-05-30 15:26:24',151,131,'2005-06-07 18:09:24','0','2023-07-28'),(948,'2005-05-30 15:44:27',585,245,'2005-06-08 17:30:27','0','2023-07-28'),(950,'2005-05-30 16:06:08',491,83,'2005-06-01 11:43:08','0','2023-07-28'),(956,'2005-05-30 17:30:28',647,296,'2005-06-07 13:54:28','0','2023-07-28'),(958,'2005-05-30 17:58:03',548,186,'2005-06-01 19:17:03','0','2023-07-28'),(964,'2005-05-30 18:53:21',657,287,'2005-06-04 22:32:21','0','2023-07-28'),(968,'2005-05-30 19:20:03',119,576,'2005-05-31 18:17:03','0','2023-07-28'),(969,'2005-05-30 19:23:48',443,551,'2005-05-31 21:14:48','0','2023-07-28'),(972,'2005-05-30 20:21:07',2,411,'2005-06-06 00:36:07','0','2023-07-28'),(978,'2005-05-30 21:30:52',407,154,'2005-06-07 16:22:52','0','2023-07-28'),(983,'2005-05-30 22:15:51',63,115,'2005-06-02 22:56:51','0','2023-07-28'),(987,'2005-05-30 22:59:12',390,11,'2005-06-07 20:56:12','0','2023-07-28'),(995,'2005-05-31 00:06:02',17,150,'2005-06-06 02:30:02','0','2023-07-28');
/*!40000 ALTER TABLE `rental` ENABLE KEYS */;
UNLOCK TABLES;

--
-- Table structure for table `staff`
--

DROP TABLE IF EXISTS `staff`;
/*!40101 SET @saved_cs_client     = @@character_set_client */;
/*!50503 SET character_set_client = utf8mb4 */;
CREATE TABLE `staff` (
  `staff_id` int NOT NULL,
  `Name` varchar(45) DEFAULT NULL,
  PRIMARY KEY (`staff_id`)
) ENGINE=InnoDB DEFAULT CHARSET=utf8mb4 COLLATE=utf8mb4_0900_ai_ci;
/*!40101 SET character_set_client = @saved_cs_client */;

--
-- Dumping data for table `staff`
--

LOCK TABLES `staff` WRITE;
/*!40000 ALTER TABLE `staff` DISABLE KEYS */;
INSERT INTO `staff` VALUES (0,'C.E.O');
/*!40000 ALTER TABLE `staff` ENABLE KEYS */;
UNLOCK TABLES;
/*!40103 SET TIME_ZONE=@OLD_TIME_ZONE */;

/*!40101 SET SQL_MODE=@OLD_SQL_MODE */;
/*!40014 SET FOREIGN_KEY_CHECKS=@OLD_FOREIGN_KEY_CHECKS */;
/*!40014 SET UNIQUE_CHECKS=@OLD_UNIQUE_CHECKS */;
/*!40101 SET CHARACTER_SET_CLIENT=@OLD_CHARACTER_SET_CLIENT */;
/*!40101 SET CHARACTER_SET_RESULTS=@OLD_CHARACTER_SET_RESULTS */;
/*!40101 SET COLLATION_CONNECTION=@OLD_COLLATION_CONNECTION */;
/*!40111 SET SQL_NOTES=@OLD_SQL_NOTES */;

-- Dump completed on 2023-07-31 16:05:22
