inventory_id,film_id,last_update,Disponibility
1,1,2023-07-28,True
2,1,2023-07-28,True
3,1,2023-07-28,True
4,1,2023-07-28,True
5,1,2023-07-28,True
6,1,2023-07-28,True
7,1,2023-07-28,True
8,1,2023-07-28,True
9,2,2023-07-28,True
10,2,2023-07-28,True
11,2,2023-07-28,True
12,3,2023-07-28,True
13,3,2023-07-28,True
14,3,2023-07-28,True
15,3,2023-07-28,True
16,4,2023-07-28,True
17,4,2023-07-28,True
18,4,2023-07-28,True
19,4,2023-07-28,True
20,4,2023-07-28,True
21,4,2023-07-28,True
22,4,2023-07-28,True
23,5,2023-07-28,True
24,5,2023-07-28,True
25,5,2023-07-28,True
26,6,2023-07-28,True
27,6,2023-07-28,True
28,6,2023-07-28,True
29,6,2023-07-28,True
30,6,2023-07-28,True
31,6,2023-07-28,True
32,7,2023-07-28,True
33,7,2023-07-28,True
34,7,2023-07-28,True
35,7,2023-07-28,True
36,7,2023-07-28,True
37,8,2023-07-28,True
38,8,2023-07-28,True
39,8,2023-07-28,True
40,8,2023-07-28,True
41,9,2023-07-28,True
42,9,2023-07-28,True
43,9,2023-07-28,True
44,9,2023-07-28,True
45,9,2023-07-28,True
46,10,2023-07-28,True
47,10,2023-07-28,True
48,10,2023-07-28,True
49,10,2023-07-28,True
50,10,2023-07-28,True
51,10,2023-07-28,True
52,10,2023-07-28,True
53,11,2023-07-28,True
54,11,2023-07-28,True
55,11,2023-07-28,True
56,11,2023-07-28,True
57,11,2023-07-28,True
58,11,2023-07-28,True
59,11,2023-07-28,True
60,12,2023-07-28,True
61,12,2023-07-28,True
62,12,2023-07-28,True
63,12,2023-07-28,True
64,12,2023-07-28,True
65,12,2023-07-28,True
66,12,2023-07-28,True
67,13,2023-07-28,True
68,13,2023-07-28,True
69,13,2023-07-28,True
70,13,2023-07-28,True
71,15,2023-07-28,True
72,15,2023-07-28,True
73,15,2023-07-28,True
74,15,2023-07-28,True
75,15,2023-07-28,True
76,15,2023-07-28,True
77,16,2023-07-28,True
78,16,2023-07-28,True
79,16,2023-07-28,True
80,16,2023-07-28,True
81,17,2023-07-28,True
82,17,2023-07-28,True
83,17,2023-07-28,True
84,17,2023-07-28,True
85,17,2023-07-28,True
86,17,2023-07-28,True
87,18,2023-07-28,True
88,18,2023-07-28,True
89,18,2023-07-28,True
90,18,2023-07-28,True
91,18,2023-07-28,True
92,18,2023-07-28,True
93,19,2023-07-28,True
94,19,2023-07-28,True
95,19,2023-07-28,True
96,19,2023-07-28,True
97,19,2023-07-28,True
98,19,2023-07-28,True
99,20,2023-07-28,True
100,20,2023-07-28,True
101,20,2023-07-28,True
102,21,2023-07-28,True
103,21,2023-07-28,True
104,21,2023-07-28,True
105,21,2023-07-28,True
106,21,2023-07-28,True
107,21,2023-07-28,True
108,22,2023-07-28,True
109,22,2023-07-28,True
110,22,2023-07-28,True
111,22,2023-07-28,True
112,22,2023-07-28,True
113,22,2023-07-28,True
114,22,2023-07-28,True
115,23,2023-07-28,True
116,23,2023-07-28,True
117,23,2023-07-28,True
118,23,2023-07-28,True
119,23,2023-07-28,True
120,24,2023-07-28,True
121,24,2023-07-28,True
122,24,2023-07-28,True
123,24,2023-07-28,True
124,25,2023-07-28,True
125,25,2023-07-28,True
126,25,2023-07-28,True
127,25,2023-07-28,True
128,25,2023-07-28,True
129,25,2023-07-28,True
130,26,2023-07-28,True
131,26,2023-07-28,True
132,26,2023-07-28,True
133,26,2023-07-28,True
134,26,2023-07-28,True
135,27,2023-07-28,True
136,27,2023-07-28,True
137,27,2023-07-28,True
138,27,2023-07-28,True
139,28,2023-07-28,True
140,28,2023-07-28,True
141,28,2023-07-28,True
142,29,2023-07-28,True
143,29,2023-07-28,True
144,30,2023-07-28,True
145,30,2023-07-28,True
146,31,2023-07-28,True
147,31,2023-07-28,True
148,31,2023-07-28,True
149,31,2023-07-28,True
150,31,2023-07-28,True
151,31,2023-07-28,True
152,31,2023-07-28,True
153,31,2023-07-28,True
154,32,2023-07-28,True
155,32,2023-07-28,True
156,34,2023-07-28,True
157,34,2023-07-28,True
158,34,2023-07-28,True
159,34,2023-07-28,True
160,35,2023-07-28,True
161,35,2023-07-28,True
162,35,2023-07-28,True
163,35,2023-07-28,True
164,35,2023-07-28,True
165,35,2023-07-28,True
166,35,2023-07-28,True
167,37,2023-07-28,True
168,37,2023-07-28,True
169,37,2023-07-28,True
170,37,2023-07-28,True
171,37,2023-07-28,True
172,37,2023-07-28,True
173,37,2023-07-28,True
174,39,2023-07-28,True
175,39,2023-07-28,True
176,39,2023-07-28,True
177,39,2023-07-28,True
178,39,2023-07-28,True
179,39,2023-07-28,True
180,39,2023-07-28,True
181,40,2023-07-28,True
182,40,2023-07-28,True
183,40,2023-07-28,True
184,40,2023-07-28,True
185,42,2023-07-28,True
186,42,2023-07-28,True
187,42,2023-07-28,True
188,42,2023-07-28,True
189,43,2023-07-28,True
190,43,2023-07-28,True
191,43,2023-07-28,True
192,43,2023-07-28,True
193,43,2023-07-28,True
194,43,2023-07-28,True
195,43,2023-07-28,True
196,44,2023-07-28,True
197,44,2023-07-28,True
198,44,2023-07-28,True
199,44,2023-07-28,True
200,44,2023-07-28,True
201,45,2023-07-28,True
202,45,2023-07-28,True
203,45,2023-07-28,True
204,45,2023-07-28,True
205,45,2023-07-28,True
206,45,2023-07-28,True
207,46,2023-07-28,True
208,46,2023-07-28,True
209,46,2023-07-28,True
210,47,2023-07-28,True
211,47,2023-07-28,True
212,48,2023-07-28,True
213,48,2023-07-28,True
214,48,2023-07-28,True
215,48,2023-07-28,True
216,49,2023-07-28,True
217,49,2023-07-28,True
218,49,2023-07-28,True
219,49,2023-07-28,True
220,49,2023-07-28,True
221,49,2023-07-28,True
222,50,2023-07-28,True
223,50,2023-07-28,True
224,50,2023-07-28,True
225,50,2023-07-28,True
226,50,2023-07-28,True
227,51,2023-07-28,True
228,51,2023-07-28,True
229,51,2023-07-28,True
230,51,2023-07-28,True
231,51,2023-07-28,True
232,51,2023-07-28,True
233,52,2023-07-28,True
234,52,2023-07-28,True
235,53,2023-07-28,True
236,53,2023-07-28,True
237,54,2023-07-28,True
238,54,2023-07-28,True
239,54,2023-07-28,True
240,54,2023-07-28,True
241,54,2023-07-28,True
242,55,2023-07-28,True
243,55,2023-07-28,True
244,55,2023-07-28,True
245,55,2023-07-28,True
246,55,2023-07-28,True
247,55,2023-07-28,True
248,56,2023-07-28,True
249,56,2023-07-28,True
250,56,2023-07-28,True
251,56,2023-07-28,True
252,56,2023-07-28,True
253,57,2023-07-28,True
254,57,2023-07-28,True
255,57,2023-07-28,True
256,57,2023-07-28,True
257,57,2023-07-28,True
258,57,2023-07-28,True
259,57,2023-07-28,True
260,58,2023-07-28,True
261,58,2023-07-28,True
262,58,2023-07-28,True
263,58,2023-07-28,True
264,59,2023-07-28,True
265,59,2023-07-28,True
266,59,2023-07-28,True
267,59,2023-07-28,True
268,59,2023-07-28,True
269,60,2023-07-28,True
270,60,2023-07-28,True
271,60,2023-07-28,True
272,61,2023-07-28,True
273,61,2023-07-28,True
274,61,2023-07-28,True
275,61,2023-07-28,True
276,61,2023-07-28,True
277,61,2023-07-28,True
278,62,2023-07-28,True
279,62,2023-07-28,True
280,63,2023-07-28,True
281,63,2023-07-28,True
282,63,2023-07-28,True
283,63,2023-07-28,True
284,64,2023-07-28,True
285,64,2023-07-28,True
286,64,2023-07-28,True
287,65,2023-07-28,True
288,65,2023-07-28,True
289,65,2023-07-28,True
290,65,2023-07-28,True
291,66,2023-07-28,True
292,66,2023-07-28,True
293,66,2023-07-28,True
294,67,2023-07-28,True
295,67,2023-07-28,True
296,67,2023-07-28,True
297,67,2023-07-28,True
298,67,2023-07-28,True
299,67,2023-07-28,True
300,68,2023-07-28,True
301,68,2023-07-28,True
302,68,2023-07-28,True
303,68,2023-07-28,True
304,69,2023-07-28,True
305,69,2023-07-28,True
306,69,2023-07-28,True
307,69,2023-07-28,True
308,69,2023-07-28,True
309,69,2023-07-28,True
310,69,2023-07-28,True
311,69,2023-07-28,True
312,70,2023-07-28,True
313,70,2023-07-28,True
314,70,2023-07-28,True
315,70,2023-07-28,True
316,71,2023-07-28,True
317,71,2023-07-28,True
318,71,2023-07-28,True
319,71,2023-07-28,True
320,72,2023-07-28,True
321,72,2023-07-28,True
322,72,2023-07-28,True
323,72,2023-07-28,True
324,72,2023-07-28,True
325,72,2023-07-28,True
326,73,2023-07-28,True
327,73,2023-07-28,True
328,73,2023-07-28,True
329,73,2023-07-28,True
330,73,2023-07-28,True
331,73,2023-07-28,True
332,73,2023-07-28,True
333,73,2023-07-28,True
334,74,2023-07-28,True
335,74,2023-07-28,True
336,74,2023-07-28,True
337,74,2023-07-28,True
338,74,2023-07-28,True
339,75,2023-07-28,True
340,75,2023-07-28,True
341,75,2023-07-28,True
342,76,2023-07-28,True
343,76,2023-07-28,True
344,76,2023-07-28,True
345,77,2023-07-28,True
346,77,2023-07-28,True
347,77,2023-07-28,True
348,77,2023-07-28,True
349,77,2023-07-28,True
350,77,2023-07-28,True
351,78,2023-07-28,True
352,78,2023-07-28,True
353,78,2023-07-28,True
354,78,2023-07-28,True
355,78,2023-07-28,True
356,78,2023-07-28,True
357,78,2023-07-28,True
358,79,2023-07-28,True
359,79,2023-07-28,True
360,79,2023-07-28,True
361,79,2023-07-28,True
362,79,2023-07-28,True
363,79,2023-07-28,True
364,80,2023-07-28,True
365,80,2023-07-28,True
366,80,2023-07-28,True
367,80,2023-07-28,True
368,81,2023-07-28,True
369,81,2023-07-28,True
370,81,2023-07-28,True
371,81,2023-07-28,True
372,82,2023-07-28,True
373,82,2023-07-28,True
374,83,2023-07-28,True
375,83,2023-07-28,True
376,83,2023-07-28,True
377,83,2023-07-28,True
378,83,2023-07-28,True
379,84,2023-07-28,True
380,84,2023-07-28,True
381,84,2023-07-28,True
382,84,2023-07-28,True
383,85,2023-07-28,True
384,85,2023-07-28,True
385,85,2023-07-28,True
386,85,2023-07-28,True
387,86,2023-07-28,True
388,86,2023-07-28,True
389,86,2023-07-28,True
390,86,2023-07-28,True
391,86,2023-07-28,True
392,86,2023-07-28,True
393,86,2023-07-28,True
394,86,2023-07-28,True
395,88,2023-07-28,True
396,88,2023-07-28,True
397,88,2023-07-28,True
398,88,2023-07-28,True
399,89,2023-07-28,True
400,89,2023-07-28,True
401,89,2023-07-28,True
402,89,2023-07-28,True
403,89,2023-07-28,True
404,89,2023-07-28,True
405,90,2023-07-28,True
406,90,2023-07-28,True
407,90,2023-07-28,True
408,90,2023-07-28,True
409,90,2023-07-28,True
410,90,2023-07-28,True
411,91,2023-07-28,True
412,91,2023-07-28,True
413,91,2023-07-28,True
414,91,2023-07-28,True
415,91,2023-07-28,True
416,91,2023-07-28,True
417,91,2023-07-28,True
418,91,2023-07-28,True
419,92,2023-07-28,True
420,92,2023-07-28,True
421,92,2023-07-28,True
422,92,2023-07-28,True
423,93,2023-07-28,True
424,93,2023-07-28,True
425,93,2023-07-28,True
426,94,2023-07-28,True
427,94,2023-07-28,True
428,95,2023-07-28,True
429,95,2023-07-28,True
430,95,2023-07-28,True
431,95,2023-07-28,True
432,95,2023-07-28,True
433,96,2023-07-28,True
434,96,2023-07-28,True
435,96,2023-07-28,True
436,97,2023-07-28,True
437,97,2023-07-28,True
438,97,2023-07-28,True
439,97,2023-07-28,True
440,97,2023-07-28,True
441,97,2023-07-28,True
442,98,2023-07-28,True
443,98,2023-07-28,True
444,98,2023-07-28,True
445,99,2023-07-28,True
446,99,2023-07-28,True
447,99,2023-07-28,True
448,99,2023-07-28,True
449,99,2023-07-28,True
450,99,2023-07-28,True
451,100,2023-07-28,True
452,100,2023-07-28,True
453,100,2023-07-28,True
454,100,2023-07-28,True
455,100,2023-07-28,True
456,100,2023-07-28,True
457,101,2023-07-28,True
458,101,2023-07-28,True
459,101,2023-07-28,True
460,101,2023-07-28,True
461,101,2023-07-28,True
462,101,2023-07-28,True
463,102,2023-07-28,True
464,102,2023-07-28,True
465,103,2023-07-28,True
466,103,2023-07-28,True
467,103,2023-07-28,True
468,103,2023-07-28,True
469,103,2023-07-28,True
470,103,2023-07-28,True
471,103,2023-07-28,True
472,103,2023-07-28,True
473,104,2023-07-28,True
474,104,2023-07-28,True
475,104,2023-07-28,True
476,105,2023-07-28,True
477,105,2023-07-28,True
478,105,2023-07-28,True
479,105,2023-07-28,True
480,105,2023-07-28,True
481,106,2023-07-28,True
482,106,2023-07-28,True
483,107,2023-07-28,True
484,107,2023-07-28,True
485,109,2023-07-28,True
486,109,2023-07-28,True
487,109,2023-07-28,True
488,109,2023-07-28,True
489,109,2023-07-28,True
490,109,2023-07-28,True
491,109,2023-07-28,True
492,109,2023-07-28,True
493,110,2023-07-28,True
494,110,2023-07-28,True
495,110,2023-07-28,True
496,110,2023-07-28,True
497,111,2023-07-28,True
498,111,2023-07-28,True
499,111,2023-07-28,True
500,111,2023-07-28,True
501,112,2023-07-28,True
502,112,2023-07-28,True
503,112,2023-07-28,True
504,112,2023-07-28,True
505,112,2023-07-28,True
506,112,2023-07-28,True
507,112,2023-07-28,True
508,113,2023-07-28,True
509,113,2023-07-28,True
510,113,2023-07-28,True
511,113,2023-07-28,True
512,114,2023-07-28,True
513,114,2023-07-28,True
514,114,2023-07-28,True
515,114,2023-07-28,True
516,114,2023-07-28,True
517,114,2023-07-28,True
518,114,2023-07-28,True
519,115,2023-07-28,True
520,115,2023-07-28,True
521,115,2023-07-28,True
522,115,2023-07-28,True
523,115,2023-07-28,True
524,115,2023-07-28,True
525,115,2023-07-28,True
526,116,2023-07-28,True
527,116,2023-07-28,True
528,116,2023-07-28,True
529,116,2023-07-28,True
530,116,2023-07-28,True
531,116,2023-07-28,True
532,117,2023-07-28,True
533,117,2023-07-28,True
534,117,2023-07-28,True
535,117,2023-07-28,True
536,117,2023-07-28,True
537,117,2023-07-28,True
538,118,2023-07-28,True
539,118,2023-07-28,True
540,118,2023-07-28,True
541,118,2023-07-28,True
542,118,2023-07-28,True
543,118,2023-07-28,True
544,119,2023-07-28,True
545,119,2023-07-28,True
546,119,2023-07-28,True
547,119,2023-07-28,True
548,119,2023-07-28,True
549,119,2023-07-28,True
550,119,2023-07-28,True
551,120,2023-07-28,True
552,120,2023-07-28,True
553,120,2023-07-28,True
554,121,2023-07-28,True
555,121,2023-07-28,True
556,121,2023-07-28,True
557,121,2023-07-28,True
558,121,2023-07-28,True
559,121,2023-07-28,True
560,122,2023-07-28,True
561,122,2023-07-28,True
562,122,2023-07-28,True
563,122,2023-07-28,True
564,122,2023-07-28,True
565,122,2023-07-28,True
566,122,2023-07-28,True
567,123,2023-07-28,True
568,123,2023-07-28,True
569,123,2023-07-28,True
570,123,2023-07-28,True
571,123,2023-07-28,True
572,124,2023-07-28,True
573,124,2023-07-28,True
574,124,2023-07-28,True
575,125,2023-07-28,True
576,125,2023-07-28,True
577,126,2023-07-28,True
578,126,2023-07-28,True
579,126,2023-07-28,True
580,127,2023-07-28,True
581,127,2023-07-28,True
582,127,2023-07-28,True
583,127,2023-07-28,True
584,127,2023-07-28,True
585,127,2023-07-28,True
586,127,2023-07-28,True
587,127,2023-07-28,True
588,129,2023-07-28,True
589,129,2023-07-28,True
590,129,2023-07-28,True
591,129,2023-07-28,True
592,129,2023-07-28,True
593,129,2023-07-28,True
594,130,2023-07-28,True
595,130,2023-07-28,True
596,130,2023-07-28,True
597,130,2023-07-28,True
598,130,2023-07-28,True
599,130,2023-07-28,True
600,131,2023-07-28,True
601,131,2023-07-28,True
602,131,2023-07-28,True
603,131,2023-07-28,True
604,131,2023-07-28,True
605,131,2023-07-28,True
606,132,2023-07-28,True
607,132,2023-07-28,True
608,132,2023-07-28,True
609,132,2023-07-28,True
610,132,2023-07-28,True
611,132,2023-07-28,True
612,133,2023-07-28,True
613,133,2023-07-28,True
614,133,2023-07-28,True
615,133,2023-07-28,True
616,134,2023-07-28,True
617,134,2023-07-28,True
618,134,2023-07-28,True
619,135,2023-07-28,True
620,135,2023-07-28,True
621,135,2023-07-28,True
622,135,2023-07-28,True
623,135,2023-07-28,True
624,135,2023-07-28,True
625,135,2023-07-28,True
626,136,2023-07-28,True
627,136,2023-07-28,True
628,136,2023-07-28,True
629,137,2023-07-28,True
630,137,2023-07-28,True
631,137,2023-07-28,True
632,137,2023-07-28,True
633,138,2023-07-28,True
634,138,2023-07-28,True
635,138,2023-07-28,True
636,138,2023-07-28,True
637,138,2023-07-28,True
638,139,2023-07-28,True
639,139,2023-07-28,True
640,139,2023-07-28,True
641,139,2023-07-28,True
642,139,2023-07-28,True
643,139,2023-07-28,True
644,140,2023-07-28,True
645,140,2023-07-28,True
646,140,2023-07-28,True
647,140,2023-07-28,True
648,140,2023-07-28,True
649,141,2023-07-28,True
650,141,2023-07-28,True
651,141,2023-07-28,True
652,141,2023-07-28,True
653,141,2023-07-28,True
654,142,2023-07-28,True
655,142,2023-07-28,True
656,142,2023-07-28,True
657,142,2023-07-28,True
658,142,2023-07-28,True
659,143,2023-07-28,True
660,143,2023-07-28,True
661,143,2023-07-28,True
662,143,2023-07-28,True
663,143,2023-07-28,True
664,143,2023-07-28,True
665,143,2023-07-28,True
666,145,2023-07-28,True
667,145,2023-07-28,True
668,145,2023-07-28,True
669,146,2023-07-28,True
670,146,2023-07-28,True
671,146,2023-07-28,True
672,147,2023-07-28,True
673,147,2023-07-28,True
674,147,2023-07-28,True
675,147,2023-07-28,True
676,147,2023-07-28,True
677,147,2023-07-28,True
678,149,2023-07-28,True
679,149,2023-07-28,True
680,149,2023-07-28,True
681,149,2023-07-28,True
682,149,2023-07-28,True
683,149,2023-07-28,True
684,150,2023-07-28,True
685,150,2023-07-28,True
686,150,2023-07-28,True
687,150,2023-07-28,True
688,150,2023-07-28,True
689,150,2023-07-28,True
690,151,2023-07-28,True
691,151,2023-07-28,True
692,151,2023-07-28,True
693,151,2023-07-28,True
694,152,2023-07-28,True
695,152,2023-07-28,True
696,152,2023-07-28,True
697,152,2023-07-28,True
698,153,2023-07-28,True
699,153,2023-07-28,True
700,153,2023-07-28,True
701,153,2023-07-28,True
702,154,2023-07-28,True
703,154,2023-07-28,True
704,154,2023-07-28,True
705,154,2023-07-28,True
706,154,2023-07-28,True
707,154,2023-07-28,True
708,154,2023-07-28,True
709,155,2023-07-28,True
710,155,2023-07-28,True
711,155,2023-07-28,True
712,155,2023-07-28,True
713,155,2023-07-28,True
714,156,2023-07-28,True
715,156,2023-07-28,True
716,157,2023-07-28,True
717,157,2023-07-28,True
718,157,2023-07-28,True
719,158,2023-07-28,True
720,158,2023-07-28,True
721,158,2023-07-28,True
722,158,2023-07-28,True
723,158,2023-07-28,True
724,159,2023-07-28,True
725,159,2023-07-28,True
726,159,2023-07-28,True
727,159,2023-07-28,True
728,159,2023-07-28,True
729,159,2023-07-28,True
730,159,2023-07-28,True
731,160,2023-07-28,True
732,160,2023-07-28,True
733,160,2023-07-28,True
734,160,2023-07-28,True
735,160,2023-07-28,True
736,161,2023-07-28,True
737,161,2023-07-28,True
738,162,2023-07-28,True
739,162,2023-07-28,True
740,162,2023-07-28,True
741,162,2023-07-28,True
742,162,2023-07-28,True
743,162,2023-07-28,True
744,162,2023-07-28,True
745,163,2023-07-28,True
746,163,2023-07-28,True
747,163,2023-07-28,True
748,164,2023-07-28,True
749,164,2023-07-28,True
750,164,2023-07-28,True
751,164,2023-07-28,True
752,164,2023-07-28,True
753,165,2023-07-28,True
754,165,2023-07-28,True
755,165,2023-07-28,True
756,165,2023-07-28,True
757,165,2023-07-28,True
758,166,2023-07-28,True
759,166,2023-07-28,True
760,166,2023-07-28,True
761,166,2023-07-28,True
762,166,2023-07-28,True
763,166,2023-07-28,True
764,167,2023-07-28,True
765,167,2023-07-28,True
766,167,2023-07-28,True
767,167,2023-07-28,True
768,167,2023-07-28,True
769,167,2023-07-28,True
770,167,2023-07-28,True
771,168,2023-07-28,True
772,168,2023-07-28,True
773,169,2023-07-28,True
774,169,2023-07-28,True
775,169,2023-07-28,True
776,169,2023-07-28,True
777,170,2023-07-28,True
778,170,2023-07-28,True
779,170,2023-07-28,True
780,170,2023-07-28,True
781,170,2023-07-28,True
782,170,2023-07-28,True
783,172,2023-07-28,True
784,172,2023-07-28,True
785,172,2023-07-28,True
786,172,2023-07-28,True
787,172,2023-07-28,True
788,172,2023-07-28,True
789,172,2023-07-28,True
790,173,2023-07-28,True
791,173,2023-07-28,True
792,173,2023-07-28,True
793,173,2023-07-28,True
794,173,2023-07-28,True
795,174,2023-07-28,True
796,174,2023-07-28,True
797,174,2023-07-28,True
798,174,2023-07-28,True
799,174,2023-07-28,True
800,174,2023-07-28,True
801,174,2023-07-28,True
802,174,2023-07-28,True
803,175,2023-07-28,True
804,175,2023-07-28,True
805,175,2023-07-28,True
806,175,2023-07-28,True
807,175,2023-07-28,True
808,176,2023-07-28,True
809,176,2023-07-28,True
810,176,2023-07-28,True
811,176,2023-07-28,True
812,176,2023-07-28,True
813,176,2023-07-28,True
814,177,2023-07-28,True
815,177,2023-07-28,True
816,177,2023-07-28,True
817,178,2023-07-28,True
818,178,2023-07-28,True
819,179,2023-07-28,True
820,179,2023-07-28,True
821,179,2023-07-28,True
822,179,2023-07-28,True
823,180,2023-07-28,True
824,180,2023-07-28,True
825,181,2023-07-28,True
826,181,2023-07-28,True
827,181,2023-07-28,True
828,181,2023-07-28,True
829,181,2023-07-28,True
830,181,2023-07-28,True
831,181,2023-07-28,True
832,182,2023-07-28,True
833,182,2023-07-28,True
834,183,2023-07-28,True
835,183,2023-07-28,True
836,183,2023-07-28,True
837,183,2023-07-28,True
838,183,2023-07-28,True
839,183,2023-07-28,True
840,184,2023-07-28,True
841,184,2023-07-28,True
842,184,2023-07-28,True
843,184,2023-07-28,True
844,184,2023-07-28,True
845,185,2023-07-28,True
846,185,2023-07-28,True
847,186,2023-07-28,True
848,186,2023-07-28,True
849,186,2023-07-28,True
850,186,2023-07-28,True
851,187,2023-07-28,True
852,187,2023-07-28,True
853,187,2023-07-28,True
854,188,2023-07-28,True
855,188,2023-07-28,True
856,188,2023-07-28,True
857,189,2023-07-28,True
858,189,2023-07-28,True
859,189,2023-07-28,True
860,189,2023-07-28,True
861,189,2023-07-28,True
862,189,2023-07-28,True
863,190,2023-07-28,True
864,190,2023-07-28,True
865,190,2023-07-28,True
866,190,2023-07-28,True
867,191,2023-07-28,True
868,191,2023-07-28,True
869,191,2023-07-28,True
870,191,2023-07-28,True
871,191,2023-07-28,True
872,191,2023-07-28,True
873,193,2023-07-28,True
874,193,2023-07-28,True
875,193,2023-07-28,True
876,193,2023-07-28,True
877,193,2023-07-28,True
878,193,2023-07-28,True
879,193,2023-07-28,True
880,193,2023-07-28,True
881,194,2023-07-28,True
882,194,2023-07-28,True
883,194,2023-07-28,True
884,194,2023-07-28,True
885,196,2023-07-28,True
886,196,2023-07-28,True
887,197,2023-07-28,True
888,197,2023-07-28,True
889,199,2023-07-28,True
890,199,2023-07-28,True
891,199,2023-07-28,True
892,199,2023-07-28,True
893,199,2023-07-28,True
894,199,2023-07-28,True
895,199,2023-07-28,True
896,199,2023-07-28,True
897,200,2023-07-28,True
898,200,2023-07-28,True
899,200,2023-07-28,True
900,200,2023-07-28,True
901,200,2023-07-28,True
902,200,2023-07-28,True
903,200,2023-07-28,True
904,200,2023-07-28,True
905,201,2023-07-28,True
906,201,2023-07-28,True
907,201,2023-07-28,True
908,201,2023-07-28,True
909,202,2023-07-28,True
910,202,2023-07-28,True
911,202,2023-07-28,True
912,203,2023-07-28,True
913,203,2023-07-28,True
914,203,2023-07-28,True
915,203,2023-07-28,True
916,204,2023-07-28,True
917,204,2023-07-28,True
918,204,2023-07-28,True
919,204,2023-07-28,True
920,204,2023-07-28,True
921,204,2023-07-28,True
922,205,2023-07-28,True
923,205,2023-07-28,True
924,205,2023-07-28,True
925,205,2023-07-28,True
926,206,2023-07-28,True
927,206,2023-07-28,True
928,206,2023-07-28,True
929,206,2023-07-28,True
930,206,2023-07-28,True
931,206,2023-07-28,True
932,206,2023-07-28,True
933,206,2023-07-28,True
934,207,2023-07-28,True
935,207,2023-07-28,True
936,207,2023-07-28,True
937,207,2023-07-28,True
938,208,2023-07-28,True
939,208,2023-07-28,True
940,208,2023-07-28,True
941,209,2023-07-28,True
942,209,2023-07-28,True
943,209,2023-07-28,True
944,209,2023-07-28,True
945,210,2023-07-28,True
946,210,2023-07-28,True
947,210,2023-07-28,True
948,211,2023-07-28,True
949,211,2023-07-28,True
950,212,2023-07-28,True
951,212,2023-07-28,True
952,212,2023-07-28,True
953,212,2023-07-28,True
954,212,2023-07-28,True
955,213,2023-07-28,True
956,213,2023-07-28,True
957,213,2023-07-28,True
958,213,2023-07-28,True
959,214,2023-07-28,True
960,214,2023-07-28,True
961,214,2023-07-28,True
962,214,2023-07-28,True
963,215,2023-07-28,True
964,215,2023-07-28,True
965,215,2023-07-28,True
966,215,2023-07-28,True
967,215,2023-07-28,True
968,215,2023-07-28,True
969,216,2023-07-28,True
970,216,2023-07-28,True
971,216,2023-07-28,True
972,216,2023-07-28,True
973,216,2023-07-28,True
974,218,2023-07-28,True
975,218,2023-07-28,True
976,218,2023-07-28,True
977,218,2023-07-28,True
978,218,2023-07-28,True
979,218,2023-07-28,True
980,218,2023-07-28,True
981,219,2023-07-28,True
982,219,2023-07-28,True
983,219,2023-07-28,True
984,219,2023-07-28,True
985,220,2023-07-28,True
986,220,2023-07-28,True
987,220,2023-07-28,True
988,220,2023-07-28,True
989,220,2023-07-28,True
990,220,2023-07-28,True
991,220,2023-07-28,True
992,220,2023-07-28,True
993,222,2023-07-28,True
994,222,2023-07-28,True
995,222,2023-07-28,True
996,222,2023-07-28,True
997,222,2023-07-28,True
998,222,2023-07-28,True
999,223,2023-07-28,True
1000,223,2023-07-28,True
